P56524,P41182,Q0EFA5,P19526
P41182,Q9UQL6,P19526
Q8WUI4,P41182,Q0EFA5,P19526
Q92831,P19526,Q9Y6Q9,Q09472,Q92793
Q92902,Q9NQG7,Q0EFA5,P19526
Q86YV9,Q0EFA5,Q969F9,P19526,Q9UPZ3
Q96NY9,Q92903
Q06323,O15178,Q04671,Q9UL46
Q04671,Q92542,Q9NZ42,O15178,Q96BI3,P49768
P20339,Q9UJ41,Q15276
P27361,P56524,Q0EFA5,P19526
P56524,P28482,Q0EFA5,P19526,P28072
Q9Y587,O15178,O00189,Q9UPM8,Q9Y6B7
Q04671,Q0EFA5,O43502,O15315,P28074,O43543,O75771
Q92878,P19526,O15178,P49959,P28074
Q9NSC5,P48995,Q14573,P19526
P62877,P63208,Q8N3Y1,Q14999
Q04671,Q0EFA5,Q00597,O15287,Q9NPI8,O15360,P19526,O15178
P19338,P10747
Q9BXJ9,P13010,P12956
Q04671,P04637,Q0EFA5,P19526,Q00987,P28072,O15178,Q09472
Q16576,Q0EFA5,Q12830,Q09028,P19526,P28370
Q04671,P37287,Q9BRB3,Q92535,Q14442
P36941,Q06643,O15178,P01374
Q04671,Q99436,Q8NBT2,Q9BZD4,Q9HBM1,O14777
Q9HB75,P78560,P42575
Q02577,P25791,Q9BXY8,Q86U70
O00213,Q07954,P05067
Q04671,P29084,P19526,P29083,O15178
Q04671,P19526,O15178,P35269,P13984
Q9BUN8,P57678,Q86TM6
Q04671,Q15477,O60216,Q0EFA5,Q8WVM7,Q9UQE7,Q14683
Q04671,Q15477,O60216,Q0EFA5,Q9UQE7,Q8N3U4,Q14683
P42566,Q0EFA5,O14964,O75886
Q92783,P42566,Q0EFA5,O14964
Q92878,P19526,O15178,P49959,O60934,P28074
Q04671,Q15477,P62136,Q96QC0,O15178
Q04671,Q13257,Q0EFA5,O43684,Q99436,O15178,Q12834,O60566
Q04671,Q15477,P38398,Q0EFA5,Q99728,P19526,O15178,P28074
Q04671,P18887,O15178,P49917,P28074
Q04671,P62877,Q0EFA5,Q86VP6,Q13616
O15178,Q7Z6Z7,Q8N726,P06748
P62877,Q13617,Q0EFA5,Q86VP6
Q13618,P62877,Q0EFA5,Q86VP6
Q86VP6,P62877,Q0EFA5,Q13619
P62877,Q13620,Q0EFA5,Q86VP6
Q13616,Q13309,P63208
Q04671,Q0EFA5,P63208,Q13616,Q9Y297
Q9NRG0,Q0EFA5,O60264,Q9NRF9,Q9NRL2
Q04671,Q0EFA5,P19526,O60264,Q9UIG0
Q99708,Q9GZX5,P38398
Q04671,Q15477,P38398,Q0EFA5,O15178,P28074,Q9BX63
P14635,P06493,Q15311
Q15477,P54132,P40692,Q13472,Q9H9A7
Q9BWT6,Q9P2W1
Q04671,Q15477,Q0EFA5,O43502,O15315,O15178,P28074
Q04671,Q0EFA5,O43543,O75771,P28074
Q15477,Q8WXE1,Q13535,P19526,O15178,P28074
Q15477,Q99638,O60921,O15178,O60671
Q04671,P35249,Q0EFA5,P19526,P40937,O15178,P35250
P54277,Q04671,P40692,P12004
Q04671,Q15477,P43246,P12004,O15178,P52701,P28074
Q04671,P43246,P12004,O15178,P40692,P54278
Q04671,P43246,O15178,P40692,P54278,P28074
P27695,Q99966,Q16665,P40763
Q92793,Q0EFA5,Q14653
P12004,O15178,P24385,P24941,P38936
P11802,P12004,O15178,P24385,P38936
Q04671,O15178,P38936,P12004
P78527,Q04671,Q15477,Q0EFA5,P13010,P12956,P19526,Q99436,O15178,P28074
Q04671,Q15477,Q0EFA5,P13010,P12956,P19526,Q99436,O15178,P28074
Q04671,P43243,Q0EFA5,P19526,O15178,P23246,Q15233
P49917,Q09666,Q13426
Q04671,Q0EFA5,Q99436,O15178,P49917,P28074,Q13426
Q04671,Q96T60,P49917,P28074,Q13426
P49917,O95347,Q9NTJ3
Q04671,Q9H9Q4,Q0EFA5,Q99436,O15178,P49917,P28074,Q13426
P78527,Q04671,Q0EFA5,Q96SD1,Q99436,P28074
P49916,P06746,P28074,O15178,Q96T60,P18887
Q04671,P49916,P18887,O15178,P28074
Q04671,Q15477,Q0EFA5,P43246,P07992,Q99436,Q92889,P28074
Q04671,P43246,O15178,P52701,P40692,P54278,P28074
Q04671,P54277,P43246,P52701,P40692
Q04671,O15178,P40692,P54278,P28074
P54277,Q04671,P40692
Q9BSL1,Q5XPI4
Q13616,Q9UKT8,P63208
Q04671,P62877,Q15477,Q0EFA5,Q13619,O15178,Q16531
Q04671,Q0EFA5,P53597,P19526,Q96I99
Q04671,Q0EFA5,P53597,P19526,Q9P2R7
Q04671,P33402,Q02153
Q04671,Q02108,Q02153
Q04671,P54278,P40692,Q9UQ84
P49354,P49356,Q04671,Q99436
Q14118,P56539,Q0EFA5
Q04671,Q15477,P12004,P40692,Q9UQ84,P28074
O15457,O43196,Q13227
Q04671,Q16820,Q16819,P28074
O96007,O96033
Q04671,Q15477,Q8NEB9,Q0EFA5,Q99570
Q9UNE7,P0DMV8,P29475
P38398,Q92878,P19526,P52701,P28074
Q8N3R9,P82279,Q8NI35
Q8N3R9,P82279,Q96JB8
Q04671,Q92542,Q9NZ42,Q8WW43,O15178,P49810
Q04671,Q92542,Q9NZ42,O15178,Q96BI3,P49810
P13674,P07237,Q04671
Q7Z4N8,P07237
Q0EFA5,Q16594,Q92830,Q99436,O15178,P28072,O75486
Q04671,Q0EFA5,P52655,P52657,P19526,O15178
Q16514,Q04671,Q0EFA5,P19526,O15178,P28072,O00268
P34925,P04628,Q15477
Q15477,P34925,P56704
Q15477,P34925,O14640
P13861,Q08209,P24588
Q04671,P17612,Q08499,Q02952
P31323,Q99417,Q92667
P12830,P35222,P98161
P12830,Q14254,P35222,P98161
Q13507,Q9UBN4,O15178,Q0EFA5
Q04671,P07992,Q92889,P23025,P28074
Q04671,Q15477,O00566,Q0EFA5,Q96G21,P19526,O15178,Q9NV31
P48995,O15178,Q9HCX4,Q13507
P35858,P17936,P05019
Q8IVI9,Q03135,P29474
Q0EFA5,P01574,P17181,O15178,P48551
P61586,P48995,Q14643
P48995,Q14573,Q03135,P29992
Q9BX84,Q0EFA5,Q96QT4
Q04671,Q0EFA5,P19526,O15178,Q09472,O14497,Q92793
P41279,Q8NFZ5,P19838
Q14192,P04637,Q9H2X6
Q8N608,Q9NZV8
Q04671,Q99595,O43615,P19526,O15178,O14925
Q04671,Q15477,Q9H7Z6,Q8N5Y2,Q9HCI7,Q7Z3B3
Q04671,Q15477,P0CG13,Q0EFA5,Q9BVC3,Q8WVB6
Q04671,Q15477,P0CG13,Q0EFA5,Q9BVC3,P40938,Q8WVB6
Q02410,Q9NUP9,O14936
Q92878,P19526,O15178,Q15554,P49959,O60934,P28074
Q13617,P40337,P19526,Q15370,Q15369
O15178,P62072,Q9Y5J7
Q04671,Q0EFA5,Q99436,O60341,Q9UKL0,P19526,P28074
Q92878,O60934,Q9Y4A5,P49959
P54132,P62380
Q14008,O14965,O75410
Q04671,O15228,O00116
O95807,Q96S59
Q96KQ4,Q07666
Q04671,Q0EFA5,P19526,O60341,Q9UKL0,Q99436,Q13547
Q03933,Q00613
Q9UBQ0,Q15477,Q0EFA5,O75436,Q96QK1,O15178
O00470,P31269,P40425,P19526
Q04671,P07550,Q12791,P24588
Q04671,P07550,Q12791
Q04671,Q15477,Q9BRX5,Q9Y248,O15178,Q9BRT9,Q14691
P43487,P49961
Q04671,P15311,Q0EFA5,P19526,O15178,O14745,P13569
P55771,P28360
Q04671,Q0EFA5,P07550,O14745,P13569
Q04671,Q0EFA5,P19526,Q9HCU9,Q4LE39
Q9BXJ9,P41227,P19526
Q9NZ43,Q6NUQ1,Q0EFA5,O43264
P60880,O14964,Q86Y82
P60880,Q0EFA5,Q86Y82,P28072,P63027
Q96ST3,P17947,Q13547
P17947,P20226
Q9UBU8,Q9Y605,P06400
Q04671,Q15477,Q9H7Z6,Q9UBU8,P19526,P28072,O15178
Q13616,Q5XUX0,P62877,P63208
Q0EFA5,P23763,P28072,Q12846,O00161
Q0EFA5,P63027,P28072,Q12846,O00161
Q0EFA5,P23763,P28072,P51809,Q12846
Q04671,Q0EFA5,P61326,P28072,Q9Y5S9,O15234,P38919,P28074
O75182,Q9Y618,Q0EFA5,P19526,Q92769,Q96ST3
P49715,Q9UBC0,P19526
Q9Y618,Q0EFA5,P19526,Q99436,Q13547,Q96ST3
Q04671,Q0EFA5,O43318,O15178,Q9Y4K3,P28074
Q0EFA5,P19526,Q13547,O15178,Q92769,Q96ST3,P51608
Q9Y618,O15379,P19526,O15178,O60907
P06396,Q86TP1
P49841,Q86TP1
P19526,P15531,Q86TP1
Q15287,Q04671,Q9UKV3,O00422,Q0EFA5
Q04671,Q15477,Q0EFA5,P61326,P19526,P28072,Q9Y5S9,P28074
Q9HBI1,O75923
P15531,Q13131
Q04671,Q0EFA5,P28072,O15234,P38919,P28074
Q15477,Q96J02,Q93008
P62495,Q0EFA5,P15170,Q92900,Q96Q15
Q15788,P08235,Q08209
Q92466,P19526,O15178,Q16531,P28074
P60880,Q16623,Q0EFA5,P63027,O14810
P60880,Q16623,Q0EFA5,Q6PUV4,P63027
O75558,Q0EFA5,P63027,P28072,O00161
O00161,P32856,Q0EFA5
O00161,P28072,Q12846,Q0EFA5
P62495,Q0EFA5,P15170,P19526
Q04671,Q0EFA5,P19526,Q92900,Q9HAU5,Q9H1J1,P28074
Q04671,Q0EFA5,Q9BZI7,Q92900,Q9HAU5,P28074
P61586,O14974,Q6WCQ1
P61586,Q04671,Q6WCQ1
O14974,Q6WCQ1
Q04671,Q15477,Q0EFA5,P62318,P54105,P62314,O14744
O00161,P28072,O43752,Q0EFA5
Q04671,Q15477,Q0EFA5,P54105,P14678,O14744
O15178,P35222,P33151,Q8TEW0
Q96D31,Q0EFA5,P48995,O15178,Q13586
Q04671,P33151,Q9NPB6
P33151,Q9NPB6,Q8TEW0
Q04671,Q15477,Q0EFA5,P62318,P54105,P62314
Q04671,Q15477,Q0EFA5,P54105,O14744
Q5TKA1,P10244,O15178
P07288,P05154,P13521
Q68EM7,Q8TEW0,P41743
O15178,P26358,P12004,Q96KQ7
P26358,Q0EFA5,P19526,O15178,Q96KQ7
O95721,P28072,Q0EFA5,Q16623
O43752,Q0EFA5,Q9BV40,P28072,Q15836,O75379
Q0EFA5,O14662,O15178,P28072,Q15836,O75379
O43752,Q0EFA5,P28072,Q15836,Q96AJ9
P13861,P31323,P08588,P24588
P24863,Q9ULK4,P49336,O43513
Q9ULK4,P49336,P24863
P49336,P24863
Q04671,Q9ULK4,Q0EFA5,P19526,Q99436,O15178,O60244,O75586
P07949,Q92529,Q0EFA5
Q04671,Q92529,Q0EFA5,Q13480
Q04671,P23352,P11362
O00161,Q0EFA5,Q16623,P28072
Q9BXF3,P28370,Q0EFA5,P19526
Q04671,Q8N3R9,Q8TEW0,Q9NPB6
Q04671,Q96T23,Q0EFA5,O60264
Q04671,Q96T23,P28370,Q0EFA5
Q04671,Q0EFA5,P19526,O60264,Q9NRL2
Q14160,Q6P1M3
Q14160,Q9ULK5
Q14160,Q14155,Q9Y2X7
P25054,Q14160
Q08945,Q8TD19,Q9Y5B9
Q04671,Q0EFA5,Q9Y5B9,P19526,Q08945
Q9P253,Q9H270,O15400,Q0EFA5
Q0EFA5,Q9H269,O15178,Q9H270,Q9P253
O15178,Q9UBU7,O00311
Q04671,Q9BYG5,Q6P1M3,P41743
Q04671,Q9BYG5,Q8TEW0,P41743
Q15334,Q9BYG5,Q04671,P41743
P38398,Q92878,P19526,O15178,P49959,O60934,P28074
O60870,P27694,P12004
Q15185,O75340,P22626
O14656,O15178,O14657
Q04671,Q0EFA5,P51946,P19526,O15178,P50613,P28074
Q04671,P51946,P19526,O15178,P51948,P50613
P41235,P53999
Q04671,P18074,P51946,P19526,O15178,P51948,P50613
Q13416,Q9UBD5,O43929,P19526
O43913,Q9UBD5,P19526,Q13416,O43929
O15178,Q15004,P12004
Q9UK53,Q15004
Q07157,P60709,Q9Y4J8
Q15788,Q9HD15
Q04671,O95149,O14980,P62826
Q13616,P62877,P63208,Q13309
Q04671,P62877,Q9UKB1,Q0EFA5,P63208,Q13616
P03372,P20749,Q04206,Q9Y6Q9
Q9UBW7,P29590,Q0EFA5,P19526
P63165,Q9UBW7,Q0EFA5,P19526
Q15834,Q96EZ8
O15178,Q13596,Q9UNH7,Q0EFA5
Q9NZS9,Q14790,P10415
Q7Z6J2,O43739
P80217,Q13287,Q0EFA5
Q04671,P06239,Q0EFA5,P19526,Q99436,P01732
Q9BZZ5,P09038
O15178,O60749,Q13596,Q0EFA5
P08F94,Q13563,Q04671
Q04671,Q15477,Q0EFA5,Q99436,P19526,O15178,P50750,O60563
Q04671,Q15477,Q0EFA5,Q99436,P19526,O15178,P50750,O60583
Q04671,Q0EFA5,O75909,O15178,P50750
Q9NQS7,O60447,Q96GD4,O15392
Q13791,P04156
O14910,Q9NZW5
Q15276,O43747
P48357,Q13596,Q0EFA5
Q04671,Q15477,P13010,P12956,P12004,P28074
Q13596,P06213
P00533,Q13596,P19526
P09619,Q13596
P49643,Q04671,P49642,Q0EFA5,P09884,O15178,Q14181
P02786,Q13596
Q04671,O15392,Q96GD4,O15178,O14980
Q04671,O15178,O14980,O15392
Q9NQS7,Q04671,O15392,Q96GD4,P19526,Q53HL2,Q99436
Q9NQS7,Q04671,O15392,P19526,Q53HL2,Q99436
O95747,Q15477,Q0EFA5,Q9H4A3
Q9UEW8,Q0EFA5,Q9H4A3
O75146,Q14247
P30153,P35250
P30153,P35249
Q92769,O15178,Q13535,P19526
Q92769,Q13535,Q14839
Q04671,Q15477,Q0EFA5,P33240,Q12996,Q05048
P17844,P09012,P23246,Q15233
Q0EFA5,P19526,O15178,Q9UK53,Q09472
Q0EFA5,P19526,Q13547,O15178,Q9UK53
O15178,Q09472,P12004,Q9UK53
Q04671,O15178,Q9UK53,P12004
Q5VTR2,P51965,O75150
Q6PGP7,Q15477,Q9GZS3,P19526
Q0EFA5,P28072,Q12846,O00161,Q15836
Q04671,Q15477,Q0EFA5,P52298,P19526,Q99436,O15178,Q09161
Q15477,Q0EFA5,Q9Y265,O96019,P19526,Q99436,P28072,O15178,Q9Y230
Q09161,Q9H814,Q0EFA5,P52298
Q15477,Q0EFA5,O96019,P19526,P28072,O15178,Q9Y4A5
Q0EFA5,Q15910,P19526,O75530,P28072,Q96EB6
Q04671,P00533,O00443,P04626,O00750
Q96H20,Q0EFA5,Q9BRG1,P19526,O15178,Q86VN1
Q96P71,Q09161
Q0EFA5,P19526,A5D8V6,Q9UK41,Q99816
Q04671,Q6P2Q9,Q8IYB3,Q15477,Q0EFA5,Q99436,O15178,P28074
Q04671,Q15477,Q0EFA5,O43502,O15178,O43542,P28074
Q9BSI4,Q0EFA5,Q96AP0,O15178,Q15554,Q9NUX5,P28074
Q9BSI4,Q0EFA5,Q96AP0,P54274,O15178,Q9NUX5,P28074
Q04671,Q9BSI4,P54274,O15178,O95271
Q04671,Q9NYB0,Q0EFA5,O15178,Q15554,P28074
Q9BSI4,Q9NYB0,Q0EFA5,O15178,Q15554,Q9NUX5,P28074
Q04671,P62877,Q0EFA5,P63208,Q13616,Q969H0
Q04671,Q14191,Q0EFA5,P19526,O15178,Q15554,P28074
Q04671,Q15477,P19526,P54132,Q15554,O15178,P28074
O15178,Q9H2K2,P54274,O95271
Q04671,Q15477,Q0EFA5,P13010,P12956,P19526,O15178,Q15554
P52655,Q15554,P52657
P35226,Q13618,O43791
Q13618,O43791,O75367
Q13127,Q0EFA5,P19526,Q9UKL0,Q96ST3
Q04671,Q0EFA5,P19526,Q99436,Q9UKL0,Q92769
Q13618,O43791,Q9UER7
Q04671,Q9NY27,Q0EFA5,P60510,O15178
P19526,O15178,O14727,P99999,P28074
Q0EFA5,P06400,P19526,O15178,Q01094
Q9HB71,Q8IUQ4,P63208,O60907
Q92990,P62877,P63208,Q8N3Y1
Q09028,Q13111,Q13112,P19526
Q13616,P62877,P63208,Q86XK2
Q04671,Q0EFA5,P31943,P19526,Q99436,O15178,P52597
Q0EFA5,P26599,Q9UKA9,P31943,P19526,P52597
O94829,P61326,Q9Y5S9
Q04671,Q99436,O15178,Q8IU60,Q9NPI6,P28074
P45985,P32121,Q99683
P53779,P45985,P32121
Q7Z6J0,Q16584
O60894,Q16602
Q13526,Q14103
P17544,Q16514
Q04671,Q0EFA5,Q92831,P19526,O15178,O43524
Q0EFA5,P57740,O15178,Q12769,P52948,Q8WUM0
O75694,Q0EFA5,O15178,Q53GS7,O15504
Q6IE81,O95251,Q9HAF1,Q9UNL4
Q15650,Q8N9N2,Q8N3C0,Q9H1I8
P16278,P10619,Q99519,P34059
Q96EB1,Q9H9T3,Q6IA86,O95163
P26651,Q9HCK5
P26651,Q9UKV8,P28074
Q04671,Q9UBL3,Q15477,Q0EFA5,P61964,P19526,Q15291,O14686
O14910,Q12959,O14936
Q04671,Q15477,Q0EFA5,Q14566,O15178,P49736,P33993
Q9HC52,Q03111,P51825
Q92769,P19526,Q0EFA5,O60264
P35226,Q04671,Q0EFA5,Q06587,Q99496,P19526,P28072,Q8IXK0
Q15329,P19526,O15178,Q14186,Q08999
P26358,P06400,Q0EFA5,Q13547,O15178,Q01094
Q9NPF5,P26358,Q9UER7,P19526
Q9NPF5,P26358,P49758
P41182,Q13105
P24394,O15178,Q0EFA5,P05112
Q0EFA5,P31785,P05112,P24394,O15178
Q04671,Q0EFA5,P40189,Q05655,P40763
Q9UBE8,P40763,O43318
Q09472,Q0EFA5,Q15797,P40763
P63244,P59768,P04049
Q04671,Q15477,Q0EFA5,O15178,P28072,P67775,P30153
Q04671,O15178,Q06190,P67775,P30153
O94829,P47813,P62826
Q9UBU9,O14787,P62826
P43487,Q14974,P62826,P28074
Q9H9Y6,Q13287,Q9NYV6
Q04671,Q9H9Y6,Q9NYV6,Q99436,O15178
Q13287,Q9NYV6
P78527,P13010,P12956,Q00341
Q04671,P62873,Q0EFA5,P19526,O15178,P63092,P59768
P10911,P62873,P59768
P62873,P59768,Q06187
P62873,O00555,P59768
Q03431,P62873,Q04671,P59768
P62873,P59768,Q9UQL6
P62873,P56524,P59768
Q00534,Q04671,P11802,Q0EFA5,O15178,P24385
Q04671,P11802,Q0EFA5,P19526,O15178,P24385,P38936
P30279,P11802,P42771,Q0EFA5
Q0EFA5,P46527,O15178,P24941,P24864
P20248,P19526,O15178,P28749,Q16254
O15127,O15126
P42684,Q13671,P01112
P01871,P12018,P15814
Q0EFA5,P60568,O15178,P14784,P01589
Q8IUC6,Q0EFA5,Q86XR7,O15178,O00206
Q04671,Q15477,Q0EFA5,Q15428,Q12874,P19526,Q99436,O15178,Q15459,P28074
Q04671,Q15477,P62306,Q0EFA5,P62304,P62308,P28072,O15178,P19526,Q99436,P28074
P60510,Q9UHI6,Q9NY27,P57678
P11387,Q0EFA5,P23246,Q15233
P24928,Q16630,O43809,Q96J02
P26718,Q29980,Q9UBK5
P26718,Q9BZM4,Q9UBK5
P26718,Q29983,Q9UBK5
P26718,Q9UBK5,Q9BZM5
Q9HAU4,Q0EFA5,P36897,O15178,O15105,P37173
P36897,P37173,Q0EFA5,Q9NPB6
Q0EFA5,P36897,O15178,O15105,Q9HCE7
Q9HAU4,Q9Y3C5,O95630
P16389,P78357,Q09470,Q9NQC3
Q96FE5,P08138,Q9BZR6
P08138,Q99523
P08138,P01138,Q99523
Q04671,P13612,P49023,Q9Y2X7
Q9Y6R4,Q155Q3,O15169
Q04671,O15178,Q9Y6D9,Q13257
P15884,P05412,P35222
Q14511,P12830,P84022,Q9UM13
Q15796,P84022,P29590,O95405
P36897,P84022,Q0EFA5,O15169
Q09472,P84022,Q9Y6X2,Q0EFA5
P12830,P38570,P26010
P25054,P46940
P25054,P30622,P46940
Q04671,Q0EFA5,O43684,Q99436,O15178,O43683
Q9H9H4,Q0EFA5,P19526,Q9UK41,Q99816
P11831,P19419,P28324
Q04671,Q0EFA5,Q9BVC4,P42345,O15178,Q6R327
P25054,P78352
Q13563,Q6VY07
P51955,Q8NG66
O43187,O15178,P51617
O15178,Q9Y616,P51617,Q0EFA5
P12644,Q9GZX9
P12644,P21810
O00264,Q12770
P42701,P29459,P29460
Q99665,P42701,P29460
Q99665,P29459,P29460
Q99665,P42701,P29459,P29460
O15178,Q99665,O60674,Q0EFA5
P85298,Q12982
Q04671,Q0EFA5,Q9UDY8,O95999,O15178
Q13158,Q9UDY8,O95999,O15178,Q14790
Q9Y4K3,O15178,P12931,Q9Y6Q6
Q16584,Q9NY11
Q01201,Q00653,P19838,Q04206
O15111,O15178,Q99558,O14920
Q04671,Q0EFA5,O14920,O15111,P19526,O15178
O15178,Q99558,O14920
P08238,P07900,Q16584,Q16543
O15111,Q9Y6K9,Q8IUD2,O14920
P03372,O15111,Q9Y6Q9
P25788,P25686,P11142
Q13163,Q13501,P41743
P19526,Q00613,P62258
Q16534,P27540
P08962,P11215,P05107,Q0EFA5
P31749,O15178,P67809,Q0EFA5
P31749,Q9UKG1,Q0EFA5,P10275
Q04671,Q0EFA5,P10275,P19526,O60341,O15178
Q8TBC4,Q13564,Q0EFA5
P49427,P62877,Q0EFA5,Q13616
O15178,O14757,Q13619
Q9H211,P62877,Q0EFA5,Q13619,Q16531
Q13616,P62877,P63208,Q8NFZ0
Q13616,P62877,P63208,Q86WB0
Q15477,Q99638,P18858,O60921,O60671
Q15477,P39748,Q99638,O60921,O60671
Q15477,Q99638,P06746,O60921,O60671
Q04671,P35249,Q0EFA5,P19526,P40937,O15178,P40938,P35250
Q13416,Q99741,Q04671,Q9UJA3
O43913,P19526,Q04671,Q13415
P38398,Q99741,O75496,Q13415
P24928,Q99728,P38398,P19526
Q99708,Q86U70,P61968,P38398
Q99708,P61968,P38398
Q92878,Q14676,P19526,O15178,P49959,O60934,P28074
Q04671,Q15477,P07992,P43351,O15178,Q92889,P28074
Q15477,Q0EFA5,P54132,O15178,Q13472,P28074
O15178,P43246,P52701,Q05513
P54132,P28074,O43543,O75771
Q9UIS9,Q13111,Q15047
P08047,Q5U623
Q6VMQ6,Q9UIS9,Q15047
P61006,Q0EFA5,Q96CV9,P42858
P0DP23,P21980,P42858
P21980,P42858
P29279,P60709,P63261
Q04671,P60709,P23528,Q01518
P62834,O15178,Q7Z5R6,Q0EFA5
P62760,P43681,P17787
Q04671,P53805,P16298,Q08209
Q9Y3R0,P42262,Q9NRD5
Q9Y6W5,Q15477,Q0EFA5,Q8IZP0
Q15477,O00401,Q0EFA5,Q8IZP0
O14617,P59780
O14617,Q92572
P48509,Q04671,P16144,P23229
Q04671,Q0EFA5,P16144,P23229,P06241
P16144,O15230,P23229
Q04671,Q0EFA5,P16144,P23229,O15178
P50281,P26012,P01137,P06756
P18084,Q03405,P06756
P18084,Q14773,P06756
P18084,Q13443,P06756
P18084,P10451,P06756,Q04671
O00622,P18084,P06756
Q04671,P06756,Q0EFA5,P18084,O15178
Q04671,Q0EFA5,P02751,P18564,P06241
Q04671,P10451,P06756,P18564
O15178,P18564,P06756,P10600
Q04671,P06756,Q0EFA5,P18564,O15178
Q08722,P05106,P06756,P06734
Q08722,O15178,P05106,P06756
Q04671,P10451,P05106,P06756
Q13444,P05106,P06756,Q0EFA5
Q04671,P05106,P06756,Q9Y624
Q04671,P06756,Q0EFA5,P49023,O15178,Q14289,P05106
P05106,O75077,P06756
Q01955,P05106,P06756
P05106,P06756,O14495
Q04671,P00533,P06756,Q0EFA5,P05106
Q04671,P08514,P05106,P21926
P05106,P06756,Q16363
P02751,P21980
P08514,P02751,P05106,P21980
P08514,P12931,P05106,Q08722
Q04671,Q0EFA5,O15178,P08514,P05106,Q9Y490
P08514,Q99828,P05106
Q04671,Q0EFA5,O15178,P08514,P05106
Q04671,P08514,P05106,Q9Y624
P05556,P02751,P08648,P21980
Q13444,P05556,P08648,Q0EFA5
Q04671,P05556,Q0EFA5,O15178,P08648
P05556,Q9UHI5,P08195
Q13683,P05556,P48509
Q13683,P05556,P21926
Q13683,P05556,Q9NPI5
P05556,P26006,P35613
P08962,P05556,P26006
P05556,P07996,P26006
Q04671,P05556,P26006,Q0EFA5,O15178
P05556,P48509,P23229
Q04671,P05556,Q0EFA5,P23229,O15178
Q04671,P62834,P05556,P98161
P05556,P13612,Q9Y6C2
Q04671,P05556,Q0EFA5,O15178,P13612
P05556,P13612,P60033
P19397,P05556,P13612
P19320,P05556,P13612
P05556,P13612,P57087
P05556,P13612,Q08722
P08962,P05556,P13612
P05556,P13612,P07996
P35442,P05556,P13612
O15178,P05556,P17301,Q08722
P05556,P17301,O15335
O15178,P05556,P17301,P12111
Q04671,P05556,P17301,Q0EFA5,P19526,O15178
P05556,P12111,P56199
P05556,P17706,P56199
Q04671,P05556,P06756,Q0EFA5,O15178
O00622,P05556,P23229
P53708,Q04671,P05556,Q0EFA5,O15178
P05556,Q13443,Q13797
P19320,P05556,Q13797
P24821,P05556,Q13797
Q04671,P05556,Q13797,Q0EFA5,O15178
Q13444,P05556,Q13797
P05556,Q13797,O43915
O43184,P05556,Q13797
Q04671,P00533,Q13191,Q0EFA5,Q96B97
Q99962,P00533,Q96B97,P22681
Q99962,Q04671,Q96B97
P22681,Q96B97,Q99963,P08581
Q96B97,Q0EFA5,Q99963
Q04671,P27986,Q0EFA5,P03372,P12931,P56945
P12931,Q05655,Q9H5V8
P46109,P46108,Q0EFA5,Q13905,P16234
P22888,O14908
P04629,O14908,P49795
Q04671,O14931,P19526,O15178,P20963
O43516,P46109,P43403,P42768
P19526,O43516,P46109,P42768
P29353,P04626,Q9Y316
Q04671,P22681,Q0EFA5,Q99436,P62993,Q13094
Q04671,P22681,Q0EFA5,P29353,Q99436,P62993,Q13094
Q04671,Q0EFA5,Q99436,P07948,P62993,Q13094,P16885
Q13393,P16885,P17252
P19526,P14210,Q0EFA5,P08581
Q04671,P00533,P22681,Q0EFA5,Q99436,P62993
Q04671,P19174,Q07889,O43561,Q13094
Q04671,P27986,Q06124,P19174,Q0EFA5,P16234
P06239,P49069
Q04671,P22681,P21802,Q0EFA5,P07948,P06241
Q0EFA5,P20936,P07948,P06241,P07947
P11836,P07948,P06241,P06239
P20339,O15178,Q04671,Q15075
Q04671,P15391,P27986,Q0EFA5,P15498
P35568,P27986,P06213,Q07666
Q04671,P20936,Q0EFA5,Q07666
Q9NQS7,Q04671,O15392,Q96GD4,P19526,Q99436
P20936,O14965,O15392
Q04671,Q0EFA5,O15392,Q96GD4,P19526,Q53HL2,O15178,Q99436
Q9UBK2,Q13243,Q13247,Q08170
Q12778,Q14192,Q96EB6
Q04671,Q0EFA5,P19526,O15178,O43524,Q96EB6
Q04671,Q15477,Q0EFA5,P18615,Q99436,Q8WX92,O15178,Q9H3P2,Q8IXH7
Q04671,O60885,P50750,O60563,Q15648
O60563,Q13309,P50750
O60563,P28799
O75586,P49336,P09874
Q00526,P24863
Q0EFA5,Q92831,P19526,O15178,Q92793,P15172
Q09472,Q15797,Q0EFA5
P01106,Q9Y6K1,Q13105
P19526,Q9UBC3,O15178,Q9UJW3
P19526,O15178,Q9Y6K1,Q9UJW3
P61244,Q15477,Q92830,P01106,Q9Y4A5
Q04671,P04637,Q0EFA5,P03372,P19526,Q00987,O15178
Q04671,P04637,Q0EFA5,P19526,P28072,O43524
Q04671,P04637,Q0EFA5,P08047,P19526,P28072,O15178
O95832,P50281
Q13485,Q0EFA5,P01100,P19526,O15178,P84022,P05412
Q0EFA5,P01100,Q13469,P19526,P05412
P05412,P01100,P11308
P05412,O15178,P01100,P15036
P03372,Q9Y3R0,P05412
Q04671,Q0EFA5,P03372,P19526,O15178,P05412
Q13485,Q0EFA5,Q9UPN9
Q13485,Q04671,O15178,P28072,P84022,P49711
Q13485,Q0EFA5,P08047,P19526,O15178,P84022
Q13485,P55316,P84022,O43524
Q13485,Q04671,Q0EFA5,P19526,O15178,P28072,P84022,P05412
P14780,Q07954,P01033,Q0EFA5
P05067
Q13616,O14757
Q9H9T3,Q6IA86,O95163
Q0EFA5,O95786,Q99436,O15178,P28072,Q14258
Q04671,Q0EFA5,Q13257,Q99436,P19526,O15178,Q12834
P19784,P67870,P09429,P68400,O15178
Q04671,P19784,Q0EFA5,P67870,P68400,O15178,P28072
Q04671,Q15477,Q13315,P19526,O15178,O60934,P28074
Q13616,P63208,P25963,Q9Y297
Q13616,Q9UKB1,P63208,P25963
Q05397,Q0EFA5,P49023,P18084,O15178
P10155,Q92793,Q15596,Q15788
Q04671,Q92542,O15178,Q96BI3,P49768
Q04671,Q92542,O15178,Q96BI3,P49810
Q96FE5,Q9BZR6,Q9NS68
Q9Y4K3,Q9UDY8,O15178,Q0EFA5
Q9UDY8,Q12933
Q9Y4K3,Q9BXL7,Q9UDY8,O95999
Q6VMQ6,P19526,Q0EFA5,Q15047
Q04671,Q9UDY8,O95999,O15178,Q9BXL7
Q9UDY8,Q9BXL7,O95999,O15117
P17535,Q13485,P84022,P53539
Q0EFA5,P19526,O15178,Q15819,P61088
Q9NYJ8,O43318,O15178,Q15750,P28074
Q6VMQ6,Q9UIS9,Q0EFA5
Q13485,Q0EFA5,O15178,P84022,O43524
Q13485,Q0EFA5,Q12778,P19526,O15178,P84022
Q13485,O15178,P84022,P98177
Q9UIS9,P45973,O43463,Q0EFA5
P23229,P16144,P21926
Q04671,Q16526,P63208,Q13616,Q9UKT7
Q04671,Q49AN0,P63208,Q13616,Q9UKT7
Q04671,Q15477,Q14676,P19526,P16104,Q12888,O15178,P28074
P19526,Q12888,Q14676,Q14683
Q04671,P38398,Q92878,P19526,O15178,P28074
P33240,Q99728,P38398
P38398,Q6UWZ7,Q96RL1,Q99728,O15178
P38398,Q96RL1,Q99728,Q99708,P19526,O15178
O14867,P38398,Q99728
P11308,P15036
O15178,P14921,P15036,Q0EFA5
Q04671,Q15477,Q0EFA5,Q14566,O15178,P33991,P33993
Q04671,Q15477,Q0EFA5,Q14566,O15178,P33991,P49736,P33993
P08253,O95832
P48431,Q04671,Q0EFA5,Q01860,P19526,Q99436,O15178
P48431,P14859
P48431,P26367,Q0EFA5,Q04671
Q04671,Q15477,Q0EFA5,P0CG13,Q9BVC3
Q15477,P27695,Q99638,O60921,O60671
P38398,O15178,Q04671,P00519
P19387,Q9BWH6,P30876,Q04671
Q04671,Q0EFA5,P38398,P19526,O15178,P84022
Q04671,Q0EFA5,P38398,P19526,Q13547,O15178,Q92769
Q04671,P06756,Q0EFA5,O15178,P05106
Q04671,Q15477,P38398,Q0EFA5,Q99728,P19526,O15178,P51587,P28074
Q99708,Q13363,P38398
Q04671,P38398,P55072
Q04671,Q15477,P04637,Q0EFA5,P28074,P19526,Q99436,P28072,O15178,Q96EB6
P61077,Q99728,P38398
Q99728,P68036,P38398
Q04671,Q15477,P38398,Q0EFA5,P19526,O15178,Q06609,P28074
Q04671,P06756,Q0EFA5,O15178,P04004,P05106
Q15796,P84022,Q9UPN9,Q0EFA5
Q04671,Q15477,Q8IYB3,Q0EFA5,Q9UQ35,Q99436,O15178,P28074
Q13485,Q15477,Q0EFA5,Q15796,P19526,Q99436,O15178,P28072,P84022
Q04671,Q0EFA5,P54105,O14744,Q9BQA1
Q04671,P46100,Q0EFA5,Q9UER7,P19526,O15178
P04637,Q9H2X6,Q9UER7,O15169
P04637,Q9H2X6,O15169
P05106,P06756,Q0EFA5,P07996
Q9NQC1,O95251,Q9HAF1,Q9UNL4
O95251,Q9HAF1,Q92613,Q9UNL4
P05106,P06756,P48745
P05556,P02751,P08648,P48745
Q04671,Q0EFA5,Q92922,Q12824,O96019,P19526,Q8TAQ2
P39060,O15178,P05556,P08648
Q6IE81,O95251,Q9HAF1,Q8WYH8
Q04671,Q15477,Q0EFA5,P19526,O00267,O15178,Q99436,P63272
Q04671,O15269,Q9NUV7,Q0EFA5,Q99436,O15178
P19526,O60563,O94992,P50750
Q04671,O60885,P19526,P50750,O60563
P11836,P06241,P06239
Q04671,Q9UKB1,Q0EFA5,P63208,Q13616
Q04671,P62877,Q0EFA5,P63208,Q13616,Q9Y297
O15178,P08648,P05106,P12111
Q04671,P10451,P05556,P06756
P03891,P03886,Q9Y375,P03897
Q06330,Q0EFA5,Q92585,P46531,P19526
Q13745,P62993
A1Z199,Q07889,P62993
Q04671,Q0EFA5,P29353,P19526,Q99436,O15178,P28072,P62993
Q05397,P08514,P05106,Q08722
Q04671,Q0EFA5,O75306,O15178,Q16795,O75489
Q04671,P03886,Q0EFA5,O75306,O15178,Q16795,O75489
Q04671,P19404,O75251,Q0EFA5,O43181
Q06330,Q0EFA5,P46531,P19526,O15178
Q96T58,Q06330
P12314,O43561,P43405,P16885
Q0EFA5,P12314,P19526,P07948,P16885
P19526,Q06330,Q9Y618,Q13573
Q04671,Q0EFA5,P19526,Q99436,O15178,Q13094,P16885
Q04671,Q0EFA5,Q99436,O43561,P16885
Q04671,Q15477,Q0EFA5,Q07889,P19526,P62993
P25490,P13010,P12956,P19526
Q96T58,Q13363,P56545
Q96T58,Q99708,Q13363
Q96T58,Q06330,Q99708
Q96T58,Q06330,Q99708,Q13363
Q99081,Q7RTS3
Q9BQ95,Q15388,O75489
O15178,Q9Y375,Q9BQ95,O75489
P03886,O15178,Q9Y375
P46531,P27986,P06239
Q06330,Q06587,Q13642
Q06330,P46531,P19526,O15178,P25490
P46531,O15178,P25490,P19526
Q04671,P06239,P19174,Q0EFA5,Q99436,O43561,Q13094
Q04671,P22681,Q0EFA5,P19174,Q99436,O43561
Q04671,Q0EFA5,Q99436,O15178,P62993,O43561
Q92793,Q15797,Q0EFA5
P54368,Q15797,P28070
Q04671,Q15477,P19174,Q0EFA5,Q99436,Q08881,O15178,Q13094
Q04671,Q15477,P19174,Q0EFA5,P15498,Q99436,O15178,Q13094
Q04671,Q0EFA5,P46108,Q14185,P56945
Q04671,Q15477,Q0EFA5,P19526,Q99436,Q08881,O15178,Q13094
P81274,Q14980,P63096
Q0EFA5,P19526,O15169,O15178,P84022
Q04671,Q0EFA5,Q9BVC4,P42345,O15178,Q8N122
P49767,P05556,Q13797
P15692,P05556,Q13797
Q04671,Q0EFA5,P42345,P19526,O15178,Q8N122
P78325,P05556,Q13797
Q9HAU4,O15178,O15105,Q0EFA5
O15178,Q0EFA5,O15105,Q9HCE7
Q0EFA5,P36897,O15178,O15105,Q9HCE7,P37173
P35222,Q15172,P49841,O15169
Q15477,Q0EFA5,P35222,P19526,O15169,O15178,P25054
P25054,P23258,Q71U36,P46940
P25054,P63000,P46940
P25054,P60953,P46940
O15178,P37173,Q0EFA5,P10600
O15178,P37173,P01137,Q0EFA5
Q0EFA5,P36897,P10600,O15178,P37173
P01137,Q0EFA5,P36897,O15178,P37173
Q15633,P08238,Q9UPY3,Q9UKV8
Q9BT73,Q04671,Q5JS54
Q04671,Q969U7,Q0EFA5,O15178,O95456
P05556,Q9UHI5
O75593,Q15796,Q13485,Q0EFA5
O75593,Q04671,Q15796,Q0EFA5
Q0EFA5,P12644,P19526,P36894,P12643
Q96ST3,O75376,P12755,Q13547
Q01201,P25490
P61244,Q05195,Q0EFA5
P61244,Q15477,Q99436,P19526,O15178,P01106
Q04671,Q0EFA5,P19526,Q13547,P28072,O15178,Q92769,Q96ST3
Q92769,Q96ST3,Q05195,Q0EFA5
Q04671,Q8WYQ5,Q9NRR4,O15178,P28074
Q04671,P05556,O75578
Q04671,O15178,P05556,Q9UKX5
P02452,P05556,O15178,Q9UKX5
Q0EFA5,Q12824,Q92831,P19526,P24928,Q92793
O15178,P19338,Q8WYQ5,P19526
Q12906,Q8WYQ5,P28074,P19526
Q12906,Q9HAV4
Q04671,Q15477,P11802,Q0EFA5,P19526,P28072,O15178,P24385
Q04671,P30279,P11802,Q0EFA5
Q04671,P11802,P30281,Q0EFA5
Q00534,Q04671,Q0EFA5,O15178,P24385
Q00534,P30279,Q04671,Q0EFA5
Q00534,Q04671,Q0EFA5,P30281
Q04671,Q0EFA5,P05067,O96008
O15178,P05067,O14925
Q04671,Q0EFA5,P29353,P16144,P23229,P62993
Q3ZCQ8,P38432
P05106,P06756,P08195
O15178,P05556,O14786
P41231,P06756,Q03113,Q0EFA5
Q04671,P10451,P05556,Q13797
Q04671,P10451,P05556,P08648
P08514,Q14773,P05106
Q04671,P06756,Q0EFA5,P18084,O15178,P04004
P14859,Q04724,Q16633
P09086,Q04727
O15178,Q04725,Q04724,P19526
Q04671,Q04724,P68431,P19526
Q04671,Q92542,Q9NZ42,Q8WW43,O15178,P49768
P42226,Q7KZF4,Q08211
Q04671,P14859,Q16633
Q04671,P27986,Q0EFA5,Q99436,P19526,O15178,P42336
P31751,Q7Z6J0
Q16602,O60895
O60896,Q16602
Q99801,Q04724
Q04671,O15178,Q06830,Q9BYN0
P61586,Q86VW2,P50148
P19526,Q04721,O00548
Q0EFA5,P35222,P19526,O15178,P28072,Q9NQB0
Q06330,Q0EFA5,Q9Y618,P19526,Q13547
P16471
P62834,P07737,Q7Z5R6
Q04671,Q7Z5R6,P07737
Q04671,O15178,Q7Z5R6,P50552
Q0EFA5,O15178,P08709,P13726,P10646,P00742
Q9UBX0,Q04724
Q15477,P49841,Q0EFA5,P35222,O15169,P19526,P25054
P19526,O15178,Q9UER7,O15169
P19526,P04637,Q9UER7,O15169
Q00987,P04637,P49757
Q8WV28,Q96B97,Q0EFA5
Q04671,P22681,Q96B97,Q0EFA5
Q8TAF3,Q04671,O94782
Q92888,O95837
P16220,P61968
Q04671,Q06124,Q0EFA5,P19526,P16234
Q04671,Q06124,Q0EFA5,P19526,Q99436,O15178,P28072,P62993
Q13643,Q14192
P16220,Q14192
P16220,Q13643
Q13485,P12757,P12755,Q0EFA5
Q15796,P12755,Q0EFA5
P84022,P12755,Q0EFA5
Q13485,P12755,Q0EFA5
Q15796,O75376,P12755,Q0EFA5
P84022,O75376,P12755,Q0EFA5
Q13485,O75376,P12755,Q0EFA5
O14910,Q12959,Q02410,O14936
O14910,Q04671,O14936
Q12959,O14936
P26718,Q9BZM6,Q9UBK5
P40189,Q0EFA5,P50750
Q04671,P42566,Q0EFA5,Q8WXE9
O75593,Q13485,Q0EFA5,Q15796,Q15583
O15126,O15127,O14828
Q96ST3,Q9UBP5,Q9Y618,Q13547
P06400,Q0EFA5,P19526,Q13547,O15178,P51532
Q8TEQ6,Q9UHI6,P57678,Q0EFA5
Q9H840,Q9Y3F4,Q0EFA5,Q8WXD5
Q04671,Q0EFA5,Q8TEQ6,Q16637,O14893
O75607,P06748
P83436,Q96MW5,Q0EFA5,Q9UP83,Q9Y2V7
Q9UP83,P83436,O15178,Q0EFA5
Q8WTW3,Q96MW5,Q0EFA5
Q14746,Q9H9E3,Q0EFA5,Q96JB2
Q9UP83,P83436,Q9Y2V7,Q0EFA5
Q15477,Q08211,P12956,P16104,P28074
Q15788,P63279,P08235
Q13671,O14964,O75886
P00533,Q13671,O75886
Q6WN34,P12643
Q9GZX9,Q6WN34,P12643
Q13485,Q15796,P12755,Q0EFA5
Q13485,P84022,P12755,Q0EFA5
Q0EFA5,Q15796,P19526,O15178,Q92793
Q04671,Q0EFA5,P19526,O15178,P84022,Q92793
Q13485,Q0EFA5,Q15796,P19526,O15178,Q92793
Q13485,Q0EFA5,P19526,O15178,P84022,Q92793
Q13371,Q6Y2X3
P31749,O15178,P56279
P31751,O15178,P56279
Q0EFA5,P06400,P19526,Q13547,O15178
Q01094,Q8TAK5,Q14186
P11831,Q8IZQ8,P43694
P62491,Q6WKZ4
Q96ST3,P84022,P12755,Q13547
Q9HAU4,P12757,P84022,Q0EFA5
Q04671,Q0EFA5,Q9BVC4,P42345,O15178,Q6R327,Q9BPZ7
Q16740,P19526,O76031,P28072,O15178
P12814,O15178,Q9HBI1
P56817,Q96IZ0
P19526,Q9Y6K9,Q99814,P27540
P35968,P15692,O14786
Q04671,P62877,Q0EFA5,P63208,Q99436,Q13616
Q04671,Q14191,P13010,P12956,P19526,O15178,P28074
O43541,P31273
O43541,P31269
Q9UBT7,P35222
O15178,P35222,P28072,P35221
P49815,Q92574,P49841,O15169
P0DP23,P07900,Q14318,P19526
Q04671,Q9Y3D6,O00429,O15178
P04150,Q00839
O75821,P55884,Q14152,Q13347
O75821,P55884,Q0EFA5,Q13347
O75822,P55884,Q0EFA5,Q13347
Q13952,P25208,P23511
Q07021,Q13952,P25208,P23511
P13861,Q12959,P08588,P24588
Q8NHG7,Q9BUN8,P55072
Q04671,Q0EFA5,Q9BUN8,P19526,P55072,Q9UKV5
Q0EFA5,Q9BUN8,P55072,O15178,Q9BQE4
Q9BQE4,Q0EFA5,Q9GZP9,P55072
Q0EFA5,P06400,P19526,O15178,Q16254
Q00534,Q04671,P11802,Q0EFA5,P30281
Q00534,Q04671,P11802,Q0EFA5,P30281,P38936
P30279,Q9UHV2,P11802
P20248,P19526,O15178,Q01094,P28749
O15178,P06400,P05549
Q01105,P49711
Q04671,P19526,O15178,P28072,P06748,P49711
O15178,Q16254,P28749,P24864
Q0EFA5,P19526,O15178,Q16254,Q08999
P11831,P19419,P41970
P09958,O43747,Q6VY07
P78527,Q15477,Q14676,P13010,P12956,P19526,O15178
O60674,P25105,P29597
P0DP23,Q9Y6J0,P27348
Q13009,P29317,P98172
Q04671,Q92793,P10276,P19793
Q92844,O15178,Q12933,Q13114
Q04671,O43933,Q7Z412,Q13608
O75390,Q9NYJ8,Q15750
Q9UHA4,Q15477,Q02750,Q9Y2Q5
Q04671,P19784,Q0EFA5,P67870,O15178,P28072
Q04671,Q0EFA5,P67870,P68400,O15178,P28072
Q9UHA4,P28482,Q9Y2Q5
Q04671,Q15477,P27694,Q0EFA5,P15927,P19526,O15178,P35244,P28074
Q04671,Q14191,P09874,P13010,P12956,P19526,O15178,P28074
Q04671,Q0EFA5,Q9NTJ3,O15178,O95347
Q04671,Q15477,Q0EFA5,P19526,Q9UQE7,Q14683
Q04671,P49916,P18887,Q9NUW8,Q96T60,P28074
Q04671,O94777,Q9P2X0,O60762
Q9BUB5,P06730,P60842,Q04637
O15178,P15884,P35222,Q09472
Q04671,O15178,P15884,P35222
O15178,P15884,P35222,Q92793
P40337,Q8TEY7,Q15369,Q15370
P40337,P17980,Q16665
A1A4S6,P35222,P35221
Q13438,Q9GZT9,Q16665
Q13438,Q16665,Q9H6Z9
P11717,O60664,P51151
Q04671,Q0EFA5,P35222,P19526,Q99436,O15178,P12830
Q04671,Q05397,Q0EFA5,P12931,Q99436,P56945,O15178
O15178,Q7Z6J9,Q8NCE0,Q92989
Q04671,Q15477,P04637,Q99728,P12956,P19526,O15178
O15178,P15036,Q12824,P51532
O95835,O43464,P98170
Q04671,Q14247,Q9ULH1,Q0EFA5,P49023
P12830,Q0EFA5,P61024
Q13309,P12830
P04637,Q0EFA5,P19526,Q00987,O15178,P25490
Q15477,Q0EFA5,Q92556,Q14185
P19526,Q92556,Q0EFA5,Q92608
P63000,Q0EFA5,Q92556,Q14185
Q15477,P46108,Q0EFA5,Q14185,Q92556
P28072,P51114,Q9UKV8,Q0EFA5
P12830,P30260,Q12834
P24928,Q00839,P35269
P10828,P28702
Q9NZ08,Q6P179,O15178
P28676,P30626
O95359,Q9Y6A5,Q92831
Q04671,Q0EFA5,P19526,O15178,Q09472,P18146
Q04671,P19526,O15178,Q9UKV8,Q15633,Q9UPY3,P28074
P19526,Q16665,P27540
P35638,Q96RU7
P15918,P55895
P40429,P04406,O60506,P07814
P01009,Q04671,Q0EFA5,P08246
P01011,P08311
P01009,Q04671,P08311
P33176,Q8IWE5
P01138,P04629,Q0EFA5
P08138,Q0EFA5,P20783
Q05586,Q13009
P21453,P28221
P08908,Q0EFA5,P28221,P19526
P08908,P28222,Q0EFA5,P19526
O15178,P28222,Q0EFA5,P28221
O75899,P08908
P08908,Q8NDV2
P08908,Q99500
P08908,P21453
P0DMV8,Q0EFA5,P19526,Q9UL15,P34932,O60260
P08138,P01138,Q0EFA5
Q6UB99,O15379
Q02297,Q9H2S9
Q04671,P01588,Q0EFA5,P19235,O15178
Q04671,P19526,Q9NX70,O15178,Q9BUE0,Q9H944
Q04671,P19838,Q0EFA5,P19526,O15178,Q04206
O00221,Q04206,Q04864
Q15653,Q04206,Q04864
O15178,Q04206,P25963,Q04864
O15178,Q14790,P25445,Q13158
Q8N668,Q04206,P25963
Q04671,P19838,Q0EFA5,O15178,Q04206,P25963
Q04671,Q0EFA5,Q96T76,O76071,Q9Y3D0
Q15052,Q9HBI1,Q04671,Q13418
Q15052,Q04671,Q9HBI1
Q04671,Q0EFA5,Q15910,P19526,O75530,P25490
P35226,Q04671,O00257,Q0EFA5,Q06587,P19526,P28072,P78364
P35226,Q04671,Q0EFA5,P19526,P28072,P78364,Q8IXK0
Q04671,Q0EFA5,Q15910,P19526,O75530,P28072
P19526,P0DP23,Q14318,P10415
Q12933,Q0EFA5,P19526,O15178,Q13490,P28074
P19438,Q12933,Q0EFA5,P28074,O15178,Q13490,Q15628
Q04671,Q8TEW0,Q9NQ66,Q9NPB6
Q04671,Q8TEW0,Q01970,Q9NPB6
Q12933,Q0EFA5,O15178,P28074,Q15628
O15178,Q12933,Q15628,Q13158
Q04671,Q15477,Q0EFA5,O95067,Q99436,P19526,O15178,P06493
Q04671,Q15477,P14635,Q0EFA5,P19526,Q99436,O15178,P06493,P28074
P14635,P12004,O15178,P06493,P24522
P14635,P12004,O75293,O15178,P06493
P14635,O95257,P12004,O15178,P06493
Q04671,P14635,Q0EFA5,P41002,O15178,P06493
P14635,Q13635,P06493
Q04671,Q15477,Q0EFA5,P20248,P19526,O15178,P24941
Q04671,Q15477,Q0EFA5,P20248,P19526,Q99436,O15178,P06493
Q04671,P60953,Q9BYG5
Q04671,Q15477,Q0EFA5,P19526,O15178,P24941,P24864
Q04671,P42224,Q0EFA5,P19526,P28072,O15178,Q92793
Q15466,O00482
P26992,P40189,P42702,P26441
P40189,P15018,P42702,Q0EFA5
P60709,Q13813,Q13287,P50402
P60709,Q13287,P50402
Q9UIM3,P07900,P38936,P19526
Q04671,Q0EFA5,Q12879,P06241,P78352
Q04671,Q0EFA5,O15178,Q14674,O95997
Q04671,Q0EFA5,P19526,Q99436,O15178,Q14674,P06493
Q04671,Q0EFA5,O94887,Q9UIW2,O14786
O75051,Q0EFA5,O94887,O14786
P51805,Q0EFA5,O94887,O14786
Q04671,Q0EFA5,O94887,Q9HCM2,O14786
Q9Y4D7,Q9H3S1
O43707,Q96NW7,Q9UQM7
Q01094,Q15744,P06400
Q04671,Q9Y4D7,Q0EFA5,O14786
Q04671,Q9Y4D7,Q99985,O14786
O75326,O60486
Q04671,O43157,Q92854
P14373,P06400,P19526
P51805,Q0EFA5,O14786
Q04671,O43157,Q0EFA5,O14786
Q04671,Q9UIW2,O60462,Q0EFA5
Q04671,Q0EFA5,P28074,O43543,Q06609,O75771
Q04671,Q9UIW2,Q8NFY4,O14786
P15692,O60462
P15692,P17948
P15692,O14786
Q14289,O94875,P22681
Q04671,Q05397,Q0EFA5,P18084,O15178
Q92882,P22681,P12931
P19526,Q03135,P29474
P19526,P07900,Q0EFA5,P29474
P07900,Q0EFA5,P19526,P31749,P29474
Q99962,P22681,Q96B97
P22681,Q96B97,Q0EFA5,Q99963
Q53T94,O15178,Q15572,Q15573,P20226
P49767,Q04671,O14786
P49767,O60462
Q04671,O60462,O43915
Q04671,O43915,O14786
Q0EFA5,P36897,Q99436,O15178,P28072,P84022,P37173
P24928,P60709,P20226,P19526
P35916,O60462,Q04671
Q04671,Q9UIW2,Q0EFA5,O14786
Q04671,Q9UIW2,Q14563,O14786
P42262,P08913
Q07817,O15178,O15519,Q14790,P28074
P63165,Q9UBT2,Q9UBE0,Q0EFA5
Q9UBT2,Q9UBE0,Q0EFA5
Q9UIW2,Q96S59
O75051,Q96S59
Q96S59,P51805
Q9HCM2,Q96S59
Q8TDZ2,Q9UIW2,Q14194
Q04671,Q13951,Q0EFA5,Q01196,P19526,O15178
P35968,Q04671,Q0EFA5,Q07157,P35222,P33151
O15519,O15178,Q14790,Q13158
Q13158,P25445,O15178,O15519,Q14790
Q96HS1,Q16236,Q14145
Q8IUB6,Q14790,Q13158
P14867,P18507,P47870
Q04671,P04637,Q0EFA5,P10415,P19526,O15178,P28074
Q04671,P04637,Q0EFA5,Q07817,O15178,P28074
O15178,P55211,O14727,P99999,P28074
Q04671,O15178,Q07820,Q16611
Q04671,Q0EFA5,O14920,P19526,O15178,Q9Y6K9
Q04671,Q0EFA5,O15111,P19526,O15178,Q9Y6K9
Q04671,Q0EFA5,P37840,P19526,Q99497
Q9UPV9,Q9BXM7,Q8IXI1
Q9UPV9,O15178,Q04671,Q8IXI1
Q0EFA5,P19526,Q99497,Q9BXM7,O60260
O95831,P62937,P19526
Q04671,Q0EFA5,O14920,O15111,P19526,O15178,Q9Y6K9
Q04671,Q16543,Q0EFA5,P08238,P19526,Q5S007
Q13158,Q92851,P54819
Q13158,P25445,O15178,Q92851,Q14790
O15178,Q92851,P25445,Q13158
P19526,P03372,Q03135,P21796
O00213,Q63HK5,Q13547
P62258,P28072,P36507,Q02750,P15056
P62258,P04049,P19526,P28072,Q02750
Q04671,P63104,Q0EFA5,P04049,P19526,P28072,P15056
P19526,Q8IVT5,Q02750,P04049
Q8IVT5,Q02750,P15056,P19526
Q04671,Q0EFA5,P04049,P01112,P19526
Q04671,Q0EFA5,P04049,P19526,P28072,P15056
Q969H4,P04049
P15056,Q969H4
Q969H4,P12931,P04049
Q04671,P08238,Q9UNE7,P19526,Q5S007
Q14790,Q5S007,Q13158
Q04671,P63098,Q0EFA5,O15178,Q08209
Q04671,Q13404,Q0EFA5,O15178,P61088
Q04671,P11142,Q9UNE7,P62837,P10636
Q04671,Q15477,O15178,O14576,P63167,Q14204,Q9Y6G9
Q99689,Q9NRI5
Q99689,P63261,Q9NRI5
Q07343,Q9NRI5
O95817,P11142,Q9UNE7,P19526,Q9UJY1
Q04671,Q9Y376,Q15831,Q0EFA5,Q7RTN6
O75509,P05067
Q70YC5,Q9NRI5
Q04671,Q0EFA5,P03372,P08047,P19526,O15178
Q04671,Q0EFA5,P03372,P19526,O15178,P17676
P03372,Q9Y3R0
Q0EFA5,Q13242,P19526,Q13247,P62995
Q04671,Q0EFA5,Q13242,P19526,O15178,Q13247
Q04671,Q9H668,O15178,Q86WV5,Q2NKJ3
Q15746,Q14247,P00519
Q15084,P54652,P12821
P46379,P54652
P14672,Q15027,Q00610
O43707,O75382,Q9ULV0,O14964
Q5D1E8,A2A288
Q04671,Q0EFA5,P10275,Q92731,P19526,O15178
O15120,Q96G97,Q99436
O15120,Q96G97,Q14693
Q96G97,Q14693
P02545,P23511
Q0EFA5,P19526,O15178,P18847,P05412
O15178,Q6IQ23,Q5EBL8
P02511,Q14524
Q02078,P24468
P13727,P01019
P13727,Q13219
P01024,P13727,P01019
O15178,Q13586,Q9HBA0
P17600,P67775
Q10469,Q96PD7
Q99933,P11142,Q0EFA5,P19526
P19526,Q99933,P0DMV8,Q0EFA5
Q9H269,Q9UJC3
Q9P253,Q9UJC3
Q96JC1,Q9UJC3
P49754,Q9UJC3
Q96ED9,Q9H269
Q96ED9,P49754
Q9H269,Q86VS8
P49754,Q86VS8
Q9H8T0,Q9H269
Q9H8T0,Q9P253
Q9H8T0,P49754
Q9UER7,P19526,Q00987,O15178,Q93009
Q9NX63,Q0EFA5,P19526,O15178,Q5TGZ0,Q16891
O00287,O14593,P48382
O15178,P02794,Q0EFA5,P02792
Q9UJ55,P14373,Q93009
P15509,P04141,P32927
Q9H211,O75496
P52292,P62826,P28074,P55060
P52292,Q14974,P28074,Q0EFA5
P62826,Q0EFA5,O15178,Q14974,P28074
Q96BT3,Q5EE01,P19526
A8MT69,Q8N2Z9,P19526
Q96BT3,Q8N2Z9,P19526,A8MT69,Q5EE01
Q9H503,O75531,P42167
Q9H503,O15178,O75531,P19526
Q04671,P54646,Q0EFA5,P19526,O15178,O43741,Q9UGI9
Q04671,Q0EFA5,P19526,O15178,O43741,Q13131,P54619
Q04671,P54646,Q0EFA5,P19526,O15178,O43741,P54619
O14763,O15178,P50591
Q06190,Q93052,P67775
P60953,Q0EFA5,P46108,P56945,Q07912
Q9BXC9,Q15477,Q8IWZ6,Q0EFA5,Q3SYG4,O15178,Q8NFJ9
Q8TAM2,Q96RK4,A8MTZ0
Q8TAG9,O15178,O00471
Q8TAG9,O15178,Q9UPT5,O00471
P13489,P03950
O00429,Q92851,Q13158
P00533,P12931,Q9H5V8
Q0EFA5,O15178,Q9BYM8,Q9H0F6,Q96EP0,P28074
P30153,Q9Y5P8,Q04671,O15178
Q04671,Q0EFA5,O15178,P67775,P30153,O43815
Q04671,Q0EFA5,Q13033,O15178,P67775,P30153
Q9NQS7,Q04671,O14965,Q96GD4,P19526,Q99436
P81274,Q86UD0,P63096
Q9Y2I7,Q92562,Q9Y6H5
Q00987,Q9UBB9,Q93009
P04637,Q9UBB9,Q93009
Q15477,Q0EFA5,P54136,Q12904,P47897,O15178
P08238,P53778,O15178,P01116
P18065,P01344
Q8NE62,Q9H492,Q13501
O43184,P05106,P06756,P50281
Q9Y698,O14617,O95782
Q9Y698,Q96CW1,P42261
Q9Y698,P53677,P42261
Q9Y698,Q96CW1,P42262
Q9Y698,P42262,P53677
Q9UGL1,P01106,Q92754
P35222,Q9NSA3,P10275
O76081,P48039,P63096
P49286,P48039
O76081,P49286,P48039
Q04671,Q9BQQ3,Q08379,Q0EFA5
O43516,Q8NF50,P42768
O75140,Q15477,Q0EFA5,Q8WTW4,Q12980
Q04671,P24928,Q92797,Q9NP77
O95267,Q13574,P01112
P23760,Q969S8,Q13263
Q04671,O00522,O14713,Q9BSQ5
Q04671,O00522,Q9BSQ5,Q99759
Q9Y6K9,P62491,Q9Y6G9
Q04671,Q15477,Q0EFA5,O75385,O75143,Q8TDY2
Q04671,Q15477,Q0EFA5,O75143,Q8IYT8,Q8TDY2
Q04671,Q15477,Q0EFA5,O75385,O75143,Q9BSB4,Q8TDY2
Q13618,Q9UH77,Q9H4A3
P05412,P56270,P01100
Q96IF1,Q99684,Q13547
Q96E22,Q04671,Q86SQ9
P10636,O00141,P27348
Q92769,Q96IF1,Q99684
Q96IF1,Q99684,O15379
Q96RK4,Q15154,Q9UPN4
Q99062,Q969H0,P49841,Q0EFA5
Q9HBW0,Q15599,Q01970
Q04671,Q0EFA5,P29353,P03372,P08069
Q7L804,P62491,Q9ULV0
Q00013,P11171,P04921
Q9Y283,Q68DC2,Q7Z494,Q86SG6
Q9P202,O75445,Q9H5P4,Q8WXG9
O14910,Q5T2T1,Q12959
P62805,P19526,Q9Y294,O15178,P68431,P49736
Q9NUP9,Q5T2T1,Q12959
P35222,O60504,Q8TDM6
Q13618,Q96J92,Q9UH77
Q15477,Q0EFA5,Q9UH77,Q99436,O15178,Q13618
Q15370,Q93034,Q96DX5,Q15369
P19022,P35222,O00548
P07686,P19526,Q0EFA5,P06865
Q04671,Q9UBZ9,Q9UBT6,Q9UI95,O60673
Q15843,Q9Y5A7,Q8TAT6,Q92890
P31749,O00165,Q14247,Q14344
P98170,O15304,O43318
P11166,Q08495,P35612
Q9Y4B6,Q16531,O95071,Q92630
Q9Y297,Q9NX09,Q16531,Q13619
O00165,P98170,P19526
O94850,Q96B97,Q86UL8
Q08345,Q05513,Q8IX03
Q04671,P15391,P20023,Q0EFA5
O15178,Q9UM82,Q0EFA5,Q9NQC7
P07359,Q0EFA5,P04275
Q01543,Q16198,P19419,P28324
Q04671,P04637,P19526,P06493,P38936
Q96FC9,Q9UQE7,O60216,Q14683
Q9GZL7,Q04671,Q15477,O00541,Q96GQ7,P19526,O15178,Q14137
Q4VX76,P51159,Q07866
P13010,P12956,O75398
Q04671,Q15477,Q0EFA5,Q9BSC4,P19526,O15178,Q9NY61,Q8NEJ9
Q6NUQ1,Q96EZ8
P29466,Q9C000,Q9ULZ3,P51878
O14490,Q0EFA5,P19526,Q9BYB0,P78352
P29466,Q9Y2G2,Q9ULZ3,Q96P20
Q9NX02,P29466,Q9Y2G2,Q9ULZ3
O15178,Q0EFA5,O60939,Q99250
P19526,O15178,P35222,P55196
P26358,Q0EFA5,P35222,Q99436,P19526,O15178
P35222,O60716,P55287,Q4VCS5
Q04671,P35222,P19526,O15178,O00512
Q14155,Q13153,P49023,Q9Y2X7
Q6IE81,O75161
Q8WTS6,P35222,P46937,O15169
P26358,Q9HCX3,Q13263,Q15047
Q13835,Q07157
P49841,Q0EFA5,O15169,O15178,Q08050
P35222,Q06945,Q09472
P35222,O75330
P12830,O00151,P35222
Q14833,Q14416
P15884,P35222,Q9BRP0
P30626,P20073
Q14416,Q14831
Q14416,O00222
Q14833,Q14832
Q14832,Q14831
Q14832,O00222
Q92769,Q6PJG2,Q9H147,Q13547
Q04671,Q08209,P62942,P63098
O15178,O75340,Q9UBV8,Q0EFA5
P56945,Q04671,O75161,O15259
Q9H267,Q9H9C1
P62873,Q96CX2,P59768
P62873,Q6ZWB6,P59768
Q68DU8,P62873,P59768
Q9NZN8,Q04671,O75175,O15178,A5YKK6
Q04671,A5YKK6,Q9NRA8,P26196
Q13217,P19526,P11142,P25685
P07900,Q9BZQ4,Q0EFA5
Q15477,Q0EFA5,Q13043,P28072,Q9H4B6
Q15477,Q0EFA5,P28072,Q13188,Q9H4B6
O15178,P00395,Q15526,Q9Y2R0
P00395,Q8N5G0
Q9NXX6,Q9BZY9,P43355
Q9UBN7,O14965
Q04671,P09619,P01127,O15178
Q9UL45,Q0EFA5,Q9NUP1,P19526,O15178,P78537
Q6QNY1,Q96EV8,O95295,P19526
Q04671,P02675,Q0EFA5,P19526,O15178,P02679,P02671
P02747,P02745,Q0EFA5,P02746
Q92769,Q9H0D2,Q9H147,Q13547
Q0EFA5,Q15047,P19526,O15178,Q9Y6K1
Q0EFA5,Q15047,P19526,O15178,Q9UBC3
P16220,Q04671,P18848
Q99436,Q9UBP0,Q8WXF7,Q9H902
Q8NHH9,Q0EFA5,Q9H902
Q6DD88,Q0EFA5,Q9H902
Q8WZ42,O15178,Q0EFA5,O15273
P19526,Q6P0N0,Q9NYP9,O43482
Q04671,P20648,P51164
Q15477,Q0EFA5,P51170,P37088,P51168
P51172,Q0EFA5,P51170,P51168
P30926,Q15822
Q2KHM9,Q96NB1,O75665
Q8N9N5,Q96ST3,O75182,Q13547
Q04671,Q0EFA5,Q3ZCQ8,P19526,O15178,O14925
P39687,Q01105
Q9NS69,Q3ZCQ8,P26439,O14925
Q5THR3,Q99497,P10275
P20794,Q9Y6Q9,P10275
O60220,O15178,Q9Y5L4,Q0EFA5
Q9BTW9,O15178,P36404
Q04671,Q99595,Q0EFA5,P19526,O15178,O14925
Q9UBL3,Q15477,Q0EFA5,P61964,P19526,Q15291,Q03164
Q04671,Q0EFA5,P19526,O15178,O60830,O14925
Q9UID3,Q96JG6,Q8N1B4,Q5VIR6
Q0EFA5,Q9P1Q0,Q9UID3,Q5VIR6,Q8N1B4
O60494,Q9BXJ7
O15178,O75477,Q96K19,O94905
O60341,O60315,P19526
O60494,P27352
Q15477,Q0EFA5,P47756,P52907,O15178
P40337,Q15369,Q16665,Q15370
O15178,Q9NZJ0,Q16531,Q13619
Q04725,Q13620,Q16531
O75530,Q16531,Q13619
P61964,Q16531,Q13619
Q9H7D7,Q13620,Q16531
Q15291,Q15477,Q16531,Q13619
Q86VZ2,Q15477,Q16531,Q13619
Q96DI7,Q16531,Q13619
Q04671,Q0EFA5,Q13619,Q9GZS3,Q16531
Q13620,Q16531,Q9BQ67
Q04671,Q0EFA5,Q15388,P19526,O15178,Q9NS69
Q04671,Q0EFA5,Q9P0U1,P19526,O15178,O96008,Q9NS69
Q8IZP0,Q07889,Q12929
Q8TE68,Q07889,Q8IZP0
Q04671,Q15788,Q0EFA5,P03372,P19526,O15178,Q09472
Q07889,Q9H6S3,Q8IZP0
Q07889,Q8TE67,Q8IZP0
P21860,Q0EFA5,P32004
P04626,Q0EFA5,P32004
P16615,Q0EFA5,P26678
P52292,P27361,P08670
Q13418,P16615,P26678
P07900,Q13418,Q16543
Q15796,Q9Y2U8,Q0EFA5
Q04671,O14983,O00631
O14983,O00631,P26678
P16615,O00631,P26678
P0DP23,Q9UQM7,P16615,P52294
Q9UPV0,Q6IQ55
Q53HC0,Q9UPV0
Q04671,Q15477,Q495M9,Q9Y6N9
Q04671,Q9H251,Q15477,Q9Y6N9
Q92575,Q9UMX0,P55072
Q86YF9,P10071
Q5T4F4,Q8WXF7,Q0EFA5
Q12840,Q15477,Q5T4F4,Q0EFA5
Q9HAR2,Q8IZJ1,Q9NZU0
Q9HAR2,Q6UXZ4,Q9NZU0
O15178,Q9HAR2,Q9NZU0
Q13402,Q9H5P4,Q15477
Q86YF9,Q9UPV0
Q15751,P49815
Q13099,Q86YF9
Q15477,Q5T4F4,Q0EFA5,Q9H902
Q00765,Q5T4F4
Q9P0L0,Q5T4F4,Q0EFA5
P07203,Q13228
Q9UHG0,Q9UQF2
Q04724,Q16531,Q13619
P33176,Q5T4F4
Q13620,Q04726,Q16531
O60282,Q5T4F4
Q12840,Q5T4F4,Q15907
P62491,Q5T4F4
Q5T4F4,Q15907
Q5T4F4,O15260
O95197,Q5T4F4
Q5T4F4,Q0EFA5,O95292
Q9H0W5,Q14999,O75147
Q15477,Q9UBP0,Q5T4F4
P15382,Q12809,Q0EFA5
Q12809,Q0EFA5,Q9Y6J6
P22415,Q15853,Q0EFA5
Q8IWT6,Q8TDW0
Q8IWT6,Q7L1W4
Q8IWT6,Q6NSJ5
Q9UGM1,Q9GZZ6
P35916,Q04671,P35968,P33151
P22681,O75955,Q9BX66
O15178,Q01094,Q14186,P19526
P78396,O15178,Q01094,P24941,Q14186
Q04671,Q0EFA5,P19526,O15178,O43524,Q92793
Q04671,P07900,Q0EFA5,Q15185,P19526,O15178
P56945,P00519,Q8IZP0
O15078,O43303,Q04671
O15078,Q15051,Q0EFA5
O15078,O15178,Q9P2K1
Q9BZE0,O60716
P98161,O15259
Q9H0W5,Q14999,Q9H9E1,O75147
Q8NHH9,Q5T4F4,Q0EFA5
Q15223,Q5EBL8
Q9NQS3,Q5EBL8
Q6DD88,Q5T4F4,Q0EFA5
Q9UBP0,O75298
Q9Y2J2,Q13368,Q9BY67
Q04671,P35240,Q0EFA5,Q8IX03
Q12955,P02730,Q9H310
P26572,Q9Y2D2
P78381,P26572
P51955,Q9H4B6,Q13188
Q10469,Q9Y2D2
Q10469,P78381
Q9Y2D2,Q9UQ53
P78381,Q9UQ53
Q9NUS5,Q2VPB7,Q0EFA5,O43299,Q9H0R1
Q09328,Q9Y2D2
P78381,Q09328
Q8TAF3,O75317,Q04671,Q8TBZ3
Q8TAF3,P62068,Q04671,Q8TBZ3
Q8TAF3,O75317,Q04671,Q15477
Q8TAF3,P62068,Q04671,Q15477
Q04671,P0DP23,Q16816,Q93100,P46020
P24385,P11926,P54368
Q8N668,O60826,Q13617
Q13485,Q0EFA5,Q15796,Q9GZV5,P28072
Q9GZV5,Q96RN5
Q6PIL6,Q9UK17
Q13485,Q0EFA5,Q9GZV5,P28072,P84022
Q04671,Q15477,Q0EFA5,Q9GZV5,O15178,P28072,P46937
Q99593,Q09472,Q9GZV5,Q92831
Q14654,O60706
Q99593,Q15477,P35222,P46937
Q13616,Q9NX08,O60826
Q13618,Q9NX08,O60826
O95835,O75161
Q9GZV5,Q86SG6
Q9UMX1,Q8NEA6
Q04671,Q9BTU6,Q06830
P28072,Q9GZV5,P27348,Q0EFA5
Q9BZE0,P35222
Q9Y283,O75161,Q68CZ1,O14641
Q9NXB0,O15178,Q5HYA8
Q5HYA8,Q8WXH0
Q9NQH7,P01375,P20333
P78552,Q8TDR0
Q9BZE0,Q13049
Q96EV8,Q13049
Q04671,Q9BTU6,P46934
Q04671,Q9BTU6,Q00610,Q0EFA5
Q9BTU6,Q9UL45
Q9BTU6,O14640
O15178,Q6ZW61,Q9NPJ1
Q9BTU6,O14986,O14640
P25025,Q01970,O14745
Q9BTW9,O15178,Q71U36,P07437
Q0EFA5,P51787,Q9Y6J6
Q9Y6H6,Q0EFA5,P51787
P08238,O15178,P07384
Q04671,Q9BTU6,O14986,Q0EFA5
Q8WWG9,P51787
Q9UJ90,P51787
P07384,P04632
O43525,O43526,Q0EFA5
Q9BTW9,O15178,P07437,P36404
Q99426,Q15813,Q71U36
Q9BTW9,Q15813,P07437,P36404
Q13043,Q13188,Q8TDM6
O43525,Q9NR82
P0DP23,P56696
P21333,Q7Z7B0
O00212,Q7Z7B0
Q8TF30,O00212
Q15477,P61158,Q8TF30,P19526
Q9Y3R0,Q4V328
Q9BSD3,Q99638,O60921,O15178,O60671
P25025,P46940
P25025,P61981
P25025,P50552
Q92547,Q9BSD3,P19526
O15178,O60671,O60921,Q6WBX8
O60671,Q8NHY5,Q6WBX8
Q12809,Q99720
Q04671,P78395,Q13617,Q99436
Q5QJE6,Q16778,Q16777,P12004
Q15370,P78395,Q15369,Q99436
O14965,Q9NRR6
O43924,Q92834,Q9NRR6
O15178,Q8N157,O15259
P54257,Q8N157
Q2I0M4,Q12791
Q15477,Q0EFA5,Q9Y664,Q969R8,Q5T011,Q96MD2
P20936,Q96GD4,O15392
P22301,Q0EFA5,Q13651,Q08334,O15178
Q9UMR3,O95935
Q9UMR3,Q04724
Q9UMR3,O15178,Q04726
Q92769,Q9UMR3
O75052,Q14160,Q8TAA9
Q14160,Q14155,Q13153,Q9Y2X7
P49459,Q5T4S7,Q9P0J7
P30405,Q9UQ90,Q0EFA5,P21796
O00592,P15311,Q9NZA1
P0DPB3,Q15599,P15311
O43707,Q15599,P48764
O43707,O15178,Q0EFA5,O14745
Q04671,P00533,P60484,P19526,O14745
Q04671,Q05513,O14745
Q04671,P15311,O14745,Q06495
Q5T2W1,P15311,Q0EFA5,O14745
Q9HBW0,Q15654,Q15599
Q9HBW0,O15304
O95977,O15304
P21453,P16144,P08581
P21453,P32121
P62873,P08069,P61073,P04899
P35348,P61073
P61073,P08588
Q13618,P21917,Q53G59
Q04671,Q15477,Q8NEB9,Q0EFA5,O75385,O75143,Q6ZNE5
O14791,P01024,P00739,P02647
P02753,P02766,Q0EFA5
P25311,P12273
P05164,P00450,P02788
P00450,O15178,P02788,P19526
P05164,P00450
P06702,P05109,O15178,Q0EFA5
P06702,P05109,P35228
Q86Z14,P11362,Q9NSA1
O95750,Q86Z14,P22455
Q86Z14,P22455
Q86Z14,P22455,Q9NSA1
Q86Z14,P11362
Q14289,P27986,P06239,P21709
Q9H4Z2,Q7Z589,Q8N163
Q15291,Q9UBL3,P61964,Q9H4Z2
Q96EB6,Q8N163
Q5BKZ1,Q8N163
Q9H1B7,Q7Z5L9,Q8IU81
Q04671,Q9UBL3,Q15477,Q0EFA5,P61964,P19526,Q15291,Q9C005
Q04671,Q9UBL3,Q15477,Q0EFA5,P61964,P19526,Q15291
Q9NQ92,O14744,Q13951,Q01196
O14744,Q15477,Q9NQ92,P19526
Q9GZL7,Q04671,Q15477,Q0EFA5,O00541,P19526,O15178,Q14137
Q9BV38,Q8IZL8,Q9NXF1,Q0EFA5
O95714,Q16659,Q96JN8,Q05086
P22033,Q8IVH4
P46379,P11441,Q7L5D6,Q0EFA5
P19526,P04150,Q96KQ7,Q13185
P19526,P04150,Q9H9B1,Q13185
Q9BVT8,O94905,Q9UKV5
O15503,Q9UKV5,Q86WV6
P46379,Q96CS3,Q9UKV5
P62877,Q13619,O15178,Q16531,Q96SW2
P19526,Q93063,Q16394
Q8NB91,Q0VG06,Q0EFA5,P19526,Q9NW38
Q04671,Q9P0N9,Q92574,P49815
Q9BYI3,P42356,Q8IYD1,Q86TV6
Q9UK61,Q8NEY8,Q99549
Q9Y3D0,Q96T76,O76071,Q9H6Q4
Q13616,P63208,Q9UK96
Q13616,P62877,P63208,Q9NRD1
Q13616,P62877,P63208,Q96EF6
Q13616,Q8NI29,P62877,P63208
Q13616,P62877,P63208,Q9H4M3
Q9NWZ3,Q9Y4K3,P51617,Q96FA3
Q969H0,P49841,Q99626
Q96AC1,P35222,Q9NQB0
Q96AC1,P35222,P67809
P05230,P11362,P05106
Q04671,Q0EFA5,Q15910,P19526,O75530,Q5T6S3
P35555,P15502,P98095,P19526
P35555,P15502,Q9UBX5
Q05397,Q14247,P16591
Q04671,O15178,Q9NVD7,Q13418,P48059
Q04671,Q7Z4I7,Q9NVD7,Q13418
P56945,Q05397,P50281
Q05397,Q04671,P28482,Q0EFA5,P49023
P49023,Q8WZ75
Q04671,Q14155,Q13153,Q14161
P31749,Q12778,Q96P53
P63027,Q05513,Q96P53
Q9BZS1,Q8TF47,Q13263
O95863,O14744,Q96IF1
Q9Y4K3,O15178,Q05513,Q13501
Q15477,Q92830,P19526,O15178,P01106,P28072,Q9Y4A5
Q15477,Q0EFA5,Q92830,Q99436,P19526,O15178,P28072,Q9Y4A5
P27361,P28482,P49023,Q92974
Q00604,O95859,O75197,Q9ULV1
O75581,P01270,Q03431,Q0EFA5
O75581,Q13467,O75473,Q99436
Q04671,Q15477,P38398,Q0EFA5,Q99728,P19526,O15178,Q06609,P28074
Q0EFA5,P19526,P50213,O43837,P51553
P17931,Q6UVK1,P05556,P26006
P07949,Q04671,Q5T4W7,O60609
Q9H211,D6RGH6,O75496
Q92696,P24386,P20336
Q04671,Q9UBB9,Q0EFA5,P16383,O43143
O76003,Q9H3K6
Q9H0R6,O75879,O43716
Q8TD16,O14576,Q14203
Q9NWU2,P35222
Q9NWU2,P49841,O15169
Q04671,O15269,Q0EFA5,Q99436,O15178,O15270
Q04671,O15269,Q9NUV7,Q0EFA5,Q99436,O15178,O15270
O15269,Q9NUV7,Q0EFA5,Q8NFR3,Q99436
O15269,Q9NUV7,Q0EFA5,Q969W0,Q99436
O15269,Q0EFA5,Q8NFR3,Q99436,O15270
O15269,Q0EFA5,Q969W0,Q99436,O15270
P05412,Q969H0,Q8TB68
Q04671,P05019,P06756,Q0EFA5,P08069,P05106
O15269,Q99436,Q0EFA5,Q8N138
P49006,P60709,P06454,Q01105
P39687,P06454,Q92688
P39687,P06454,P62491,Q92688
P06454,Q01105
Q05397,Q9NS62,P18206,Q9Y490
Q9Y6W5,Q15477,Q9P2A4,Q7L576
P05230,P05106,P06756
Q13387,Q9UQF2
Q8NBJ5,Q15848,O60568
P00533,Q9Y274
Q04671,Q9NX07,Q99611,Q9HD40,P49903
O00469,Q96AY3
Q96KX2,P47756
Q07343,Q9NRI5,P42858
P30153,Q8TCU5,P63151,P67775
P63244,Q86UX7
Q04671,P05556,P63244,Q0EFA5
P63244,P05107,Q0EFA5
Q04671,P62873,P63211,P63096
Q04671,P62879,P63211,P63096
Q04671,P63211,P16520,P63096
Q9HAV0,Q04671,P63211,P63096
Q04671,P63096,P63211,O14775
Q04671,P62873,Q0EFA5,P19526,P59768,P63096
Q04671,P62879,P19526,P59768,P63096
Q04671,P16520,P19526,P59768,P63096
Q04671,Q9HAV0,P59768,P63096
Q04671,P63096,P59768,O14775
P62873,P63215,P63096
P62879,P63215,P63096
P63215,P16520,P63096
Q9HAV0,P63215,P63096
P63096,P63215,O14775
Q04671,P05019,Q0EFA5,P16144,P23229,P08069
Q92900,P04150,Q9NPJ4,Q9NPI6
Q04671,P62873,P50150,P63096
Q04671,P62879,P50150,P63096
Q04671,P50150,P16520,P63096
Q04671,Q9HAV0,P50150,P63096
Q04671,P63096,P50150,O14775
P62873,P63218,P63096
P62879,P63218,P63096
P28482,P53004,Q05655
Q5T2W1,P35346,Q01970
Q5T2W1,P30872,Q01970
Q5T2W1,Q01970,P30874
P32745,Q5T2W1,Q01970
Q5T2W1,P31391,Q01970
P17181,P05000,P48551
O15178,P01563,Q0EFA5,P48551
P01563,Q0EFA5,P17181,O15178,P48551
Q0EFA5,O60603,P19526,O15178,Q15399
Q0EFA5,O75925,P63165,O15178,P63279
P61088,O15178,Q96FW1,Q15819
P05166,P05165,Q04671,P19526
Q9ULI3,P61224,O00522
P63218,P16520,P63096
P63218,Q9HAV0,P63096
P63096,P63218,O14775
O94916,Q9GZV5
Q8TEV9,Q9HAD4,Q96LT7
Q8TEV9,Q15477,O15178,Q96LT7
Q04671,P62873,P19526,O60262,P63096
Q04671,P62879,P19526,O60262,P63096
O60262,Q04671,P16520,P63096
O60262,Q04671,Q9HAV0,P63096
O60262,P63096,Q04671,O14775
Q9UK08,P62873,P63096
Q9UK08,P62879,P63096
Q9UK08,P16520,P63096
Q9UK08,Q9HAV0,P63096
Q9UK08,P63096,O14775
P62873,P50151,P63096
P62879,P50151,P63096
P50151,P16520,P63096
P50151,Q9HAV0,P63096
P63096,P50151,O14775
P62873,P61952,P63096
P62879,P61952,P63096
P63096,P16520,P61952
Q9HAV0,P61952,P63096
P63096,P61952,O14775
Q04671,P62873,Q0EFA5,P19526,P63096
Q9UBI6,P62879,P63096
Q9UBI6,P16520,P63096
Q9UBI6,Q9HAV0,P63096
Q9UBI6,P63096,O14775
Q04671,P62873,Q9P2W3,P19526,P63096
Q04671,P62879,Q9P2W3,P63096
Q04671,Q9P2W3,P16520,P63096
Q04671,Q9P2W3,Q9HAV0,P63096
Q04671,P63096,Q9P2W3,O14775
P62873,P63092,P63211,P19526
Q13510,Q13285
P07602,Q13510,Q13285
Q9NVR5,Q04671,Q07617,Q86Y56
O15178,Q99986,Q96GD4,P19526
P48431,O15178,Q99986,P19526
O60934,Q99986
O60934,Q99986,O76064
P54821,P09936
Q99811,P09936
P11717,Q04671,P00747,Q03405
P11717,Q04671,Q03405
P11717,Q03405,P00749
Q7Z417,Q5TC82
Q04671,Q03405,P00749,Q0EFA5
P34896,Q0EFA5,Q15018
Q15018,P34897
Q05397,Q04671,Q0EFA5,Q14451
Q04671,P38646,Q9HAV7,P19526,Q8TAA5,O15178
Q04671,Q9HAV7,P19526,Q8TAA5,O15178
Q04671,P38646,Q9HAV7,P19526,O15178
Q04671,P38646,P19526,Q8TAA5,O15178
Q04671,P38646,O43615,Q9HAV7,Q8TAA5
P13861,Q9P0R6,P49841
P31323,Q9P0R6
P13861,O00429,Q9P0R6,P49841
Q7Z3J2,Q8N668,O60826,Q567U6
Q7Z3J2,O60826,Q567U6
Q7Z4G1,Q8N668,Q567U6
Q7Z3J2,Q8N668,Q567U6
Q9Y6D0,Q0EFA5,Q9BUN8,P55072
Q04671,Q0EFA5,O15178,Q15436,O95487
Q15436,Q12770,P36956,O95487
P62879,P63092,P63211,P19526
P63092,P16520,P63211,P19526
Q9HAV0,P63092,P63211,P19526
P63211,P63092,O14775,P19526
Q04671,P62879,P19526,P63092,P59768
Q04671,P16520,P19526,P63092,P59768
Q04671,Q9HAV0,P19526,P63092,P59768
Q04671,O14775,P19526,P63092,P59768
P62873,P63092,P63215,P19526
P62879,P63092,P63215,P19526
P63092,P16520,P63215,P19526
Q9HAV0,P63092,P63215,P19526
P19526,P63092,O14775,P63215
Q04671,O15178,P28072,Q92574,P49815
O14640,P49815
P49815,P49841,O14640,O15169
Q04671,P62873,P19526,P63092,P50150
Q04671,P62879,P19526,P63092,P50150
Q04671,P16520,P19526,P63092,P50150
Q04671,Q9HAV0,P19526,P63092,P50150
Q04671,O14775,P19526,P63092,P50150
P62873,P63218,P63092,P19526
P62879,P63218,P63092,P19526
P63218,P63092,P16520,P19526
Q9HAV0,P63218,P63092,P19526
P63218,P63092,O14775,P19526
Q04671,P62873,P19526,O60262,P63092
O60262,P62879,P63092,P19526
Q04671,P16520,P19526,O60262,P63092
O60262,Q9HAV0,P63092,P19526
O60262,P63092,O14775,P19526
Q9UK08,P62873,P63092,P19526
Q9UK08,P62879,P63092,P19526
Q9UK08,P63092,P16520,P19526
Q9HAV0,P19526,P63092,Q9UK08
Q9UK08,P63092,O14775,P19526
Q04671,Q15477,P04637,Q0EFA5,P19526,Q00987,O15178,P28072,P28074
Q04671,P14635,Q0EFA5,P41002,O15178
P48506,O15178,P48507,P19526
P62873,P50151,P63092,P19526
P62879,P50151,P63092,P19526
P50151,P63092,P16520,P19526
Q04671,Q9HCC0,Q96RQ3,P19526
O15178,Q9NZL9,P31153
Q9HAV0,P50151,P63092,P19526
P50151,P63092,O14775,P19526
P62873,P63092,P61952,P19526
O15178,Q00266,Q9NZL9
P62879,P63092,P61952,P19526
P63092,P16520,P61952,P19526
Q9HAV0,P63092,P61952,P19526
P63092,P61952,O14775,P19526
Q9UBI6,P62873,P63092,P19526
Q9UBI6,P62879,P63092,P19526
Q9UBI6,P63092,P16520,P19526
Q9HAV0,P63092,Q9UBI6,P19526
Q9UBI6,P63092,O14775,P19526
P62873,P63092,Q9P2W3,P19526
P62879,P63092,Q9P2W3,P19526
P63092,P16520,Q9P2W3,P19526
Q9HAV0,P63092,Q9P2W3,P19526
Q9P2W3,P63092,O14775,P19526
P78527,Q96EV8,P13010,P12956
Q9H6R6,Q9Y6D0
Q04671,Q15477,Q9H7Z6,Q8N5Y2,Q68DK7,Q9HCI7,P28072,O15178
Q04671,P18074,Q96T76,Q0EFA5
Q04671,Q96T76,Q0EFA5,Q9Y3D0
Q96EK4,O15178,P51610
Q96QB1,O14490,Q9Y4I1
O14490,P78352,Q96FJ2
Q9NRI5,P14416
Q96RK0,P54253
P36544,Q05586
P36544,Q12879
Q13509,P37840
Q9P0W8,O15178,Q96KN7
P04049,O14965,P01112
P04637
P63244,P12931,P08183,P07355
Q04671,Q0EFA5,P03372,P19526,Q00987,O15178
Q0EFA5,P03372,O15151,O15178,P28072
P78318,O15344,P67775
Q9NQC1,O95251,Q9HAF1,Q8WYH8
O95251,Q9HAF1,Q92613,Q8WYH8
Q969Q6,P08183,P48307
Q96EK4,P52747,P51610
P55084,P40939,Q0EFA5,P19526
Q9H222,Q9H221,P28074,Q0EFA5
P31749,P16083
P09622,Q92830,Q02218,P36957
Q15751,Q00610,P0DMV8
Q04671,O15178,O00327,Q99743
Q04671,Q0EFA5,O15178,O15516,O00327
Q04671,O00327,Q16665,Q0EFA5
O00327,Q99814,P19526
Q8N5K1,P10415
P15169,P22792
Q5T6S3,P35222,P49841
Q5T6S3,P35222,Q9Y297
Q8NDI1,O00499,P61006
Q04671,P39748,Q14191,P19526,O15178,P28074
P14921,P54821
Q04671,P07900,P49841,P14618,O15178
Q8TDB6,Q96J02
Q92783,O15178,Q99732,O14964
O75581,P18827,Q9BY76
O75581,P34741,Q9BY76
O75581,P31431,Q9BY76
Q13144,Q9UI10,P49770,Q9NR50
P17535,Q03518
Q04671,P27694,P07992,P23025,P28074
Q92546,P55884
Q9NPB6,Q8TEW8,P41743
P05305,P25101
P22301,O15178,Q0EFA5,Q13651
Q04671,Q16526,O15178,O15516,O00327
Q04671,Q0EFA5,P03372,P35222,P19526,O15178
A0FGR8,Q9BSJ8
Q9BSJ8,A0FGR9
Q04671,P19838,Q0EFA5,P19526,O15178,P40763
Q04671,Q0EFA5,P19526,O15178,Q04206,P40763
P51858,P17844,P35222
P30273,O15178,Q0EFA5,Q9ULY5
Q01362,Q9ULY5,Q0EFA5
P49773,Q92993
P49427,P49773,P62877
P49773,P08047
Q04671,Q9H2X6,Q01196,O15178,Q09472
Q9BY67,P27986,Q13368,Q12959
P61586,P63000,Q9ULK5
Q8N3F8,P51153
Q6ZUT3
P26651,O15178,Q14103
Q07352,Q14103
P47974,Q14103
Q9UBT7,Q9Y4J8
Q0EFA5,Q15392,Q9UBM7,P19526
Q9ULB1,Q8N2Q7,Q0EFA5
Q9UPV9,Q9NRI5
O15178,Q8IXI2,Q9NRI5
P42285,Q9Y580,Q6NZY4,Q99436
P04626,Q99988
Q04671,P49916,P09874,O15178,P28074
O15294,P51610,Q8IXJ9,O15178,P28072
Q08431,P40933
Q9UN86,Q14258
Q96PU5,P49281,Q9BT67
P02787,O15178,P02786,P19526
Q04671,P27986,P19526,P28072,P10398
Q04671,Q15475,Q99502,Q0EFA5
Q04671,Q99502,Q9NPC8,Q0EFA5
O75449,Q9H079,Q9BW62,Q9BVA0
Q9UBL3,P61964,P19526,Q15291,O15054
P62877,Q0EFA5,Q99436,O15178,Q13618,Q14145
Q693B1,Q13618
Q13618,Q8NC69
Q9NPI1,Q0EFA5,Q96GM5,P19526,O15178,Q9BQA1
Q9NPI1,Q15910,P19526,Q15022,O15178
A6NED2,Q8N371
P59047,Q04671,Q587J8,Q9H808,A6NGQ2
Q04671,Q0EFA5,P19174,P06241,Q07666
Q0EFA5,P26599,Q9UKA9,P31943,P19526,Q92945
Q9NPG3,P35232,Q9Y6J0,P54198
Q9NPG3,Q9Y6J0,O15294,P54198
Q8TDB6,Q8IXQ6,Q04671,Q0EFA5
Q8TDB6,P42224,Q04671,Q8IXQ6
Q13950,Q9H0M0,Q5T1R4
P16389,Q09470,Q13303
O95970,Q9P0K1
P36956,O15178,P14618
Q9UHD2,Q86WV6
P31749,Q9UKG1,O15379
O15178,O95985,Q9H7E2
P49407,Q8N8S7,Q6ZSZ5
O14744,P40121
P19526,Q8NCD3,P62805,P49450
Q05397,Q9H9S0,P29033
Q9HD26,O43752,P13569
P19526,P21796,P19367
Q93009,P04637,Q01534
Q93009,Q86VY4,Q01534
Q53EZ4,Q8WUF5
Q04671,P62136,Q8WUF5
Q6UXK2,Q13464
P22059,Q9P260,P62491
P21796,P15336,P19367
Q7L0Y3,Q99714,O15091
Q7L0Y3,Q04671,Q99714
Q9P278,Q8NFG4,Q0EFA5
P52732,Q5VVJ2,Q92831
Q04671,P19526,Q02241,O15178,Q9H8V3,Q9H0H5
Q04671,Q0EFA5,Q99436,P19526,Q02241,O15178,Q9H0H5
Q06124,Q9UJC3
Q96ED9,Q15154,P61006
Q96ED9,Q8TEW0,Q9NPB6,P41743
Q96ED9,Q96M69,Q6P597,Q9UFD9
P23415,Q0EFA5,P48167
Q04671,P47870,P14867,P19526,O15178,O14764
Q9BXS5,P61966,O75843,Q10567
Q96PC5,Q5JRA6,Q9HCU5,Q0EFA5
Q9Y618,O75376,P16402,O15379
O14656,Q5JTV8
P84077,Q13563,P53365,P40616
Q92839,Q92819
Q92819,O00219
Q96EV8,O15379
Q9UBK2,Q14494,Q96KS0
P35968,P15692
Q0EFA5,P14416,P04899
P15692,P49765
P27361,P16070,P28482,O75330
Q14721,Q9Y6J6
Q14721,P15382
P10721,Q9NPH3,Q01638
P10721,Q9NPH3
Q12770,Q6TCH7,Q12772
Q12770,Q0EFA5,Q12772
Q12770,Q6TCH7
Q6TCH7,Q12772
P62877,Q0EFA5,Q99436,Q8IXQ5,O15178,Q13618
Q0EFA5,Q99436,O15178,Q13618,Q9P2G9
Q12770,O15503,Q0EFA5
Q6TCH7,O15503
Q13618,O75340,Q53G59,Q9UBV8
P62877,Q0EFA5,Q99436,Q9P2N7,O15178,Q13618,Q9P2J3
P62877,Q0EFA5,Q9Y2M5,Q99436,O15178,Q13618
Q13618,P62877,Q6TFL4
Q9H0H3,Q0EFA5,Q99436,O15178,Q13618
O95278
P05067,P21796
Q0EFA5,Q9P2K6,Q99436,O15178,Q13618
Q9UJU2,P16422,Q14192,P35222
P16070,Q07954,P19526
Q93009,Q8IZD2,O15294
P50748,Q9H900,O43264,Q99436
O75581,Q15477,O94907,Q96MU8
Q16659,Q8IW41,Q16181
Q04671,Q0EFA5,P0DP23,P51787,P15382
Q5VU43,Q9UPY8,Q15691
Q9Y3C4,Q96S44,Q14657,Q9NPF4,P28072
P81274,Q1MX18,Q8TEW0
Q15477,Q9Y2A7,Q9UPY6
Q9Y2A7,Q15477,P63000,Q9UPY6
P11940,Q9NUL5,Q6PKG0
Q2MKA7,O75473,Q68DV7,Q99436
P19526,P50750,Q4G0J3,O60563,O94992
P63165,O43581
Q9NRM7,O43255,Q15942
Q4KL25,Q8K467,Q99PJ1
Q04671,Q0EFA5,P19526,O15178,P49768,P05067
P49810,Q04671,P05067
Q04671,Q15477,Q0EFA5,P40337,P19526,Q15370,Q15369
O00213,Q92993,P05067
Q86V20,Q6ZNX1,Q8IYI0,Q9UI95
Q93074,Q9NPJ6,Q9ULK4,P05067
Q99759,P45985,Q14596
Q93074,Q9UHV7,P49336,P24863
Q93074,P49336,P24863
Q9UHV7,P49336,P24863
Q04671,Q0EFA5,P03372,Q12778,P19526,O15178,P28072
P28072,P05067,O43524
P28072,Q12778,P05067
P98177,P05067
Q13813,P42575
P62745,P04637
Q13761,O15178,P15884,P35222
Q04671,P03372,P19526,P21796
Q93074,Q9ULK4,P51693,Q9NPJ6
Q93074,Q9ULK4,Q06481,Q9NPJ6
P45481,Q01147,Q60972
Q15477,Q9NRM7,Q96IF1,Q0EFA5
P00813,P29274,P27487
Q9UBR4,P61371,O43294
P61371,Q9UBR4,P40763
P40337,Q9GZT9,Q9UGP4
P53667,Q8WYL5,P63104
P46937,Q9UKN5
Q00613,Q5VY09,P63151,P67775
Q7Z2W4,Q00613,P09874
Q9NZL4,Q9UNE7,P11142,P19526
Q9UNE7,Q99933,P11142,P19526
Q0EFA5,O14879,P19526,P09914,P09913,P28074
P11940,Q9NZI8,Q0EFA5,P19526,P28072,O75534
Q8WU17,O15503,Q0EFA5
P46098,O95264,P19526
P46098,Q8WXA8,P19526
P46098,Q70Z44,P19526
P46098,P19526,A5X5Y0
Q16566,Q9H095,P11142,P34931
O43187,O15178,Q99836,Q9NWZ3
Q7LBR1,P53990,Q9Y6W3
Q04671,Q15477,Q9ULR0,Q9HCS7,Q0EFA5,Q99436,P28072,O15178,Q9UMS4
Q7Z434,Q15366,Q96J02
Q9BT67,Q96J02,O43318
Q04671,P11215,P05107,Q8N6Q3
A6ND01,Q8IYV9
Q9NX55,Q9BXJ9,P41227
Q04671,Q15477,Q0EFA5,Q6KC79,Q9Y6X3
Q92844,Q9UHD2,Q12933,Q0EFA5,O15178
Q04671,O15178,P10599,Q99683
P31323,Q99417,Q92667,Q7Z4T9
Q9UPN3,Q9P1Y5
Q04671,Q15054,Q9UI95,P49005,O60673
Q6ZS11,Q92625,P29322
Q04671,Q0EFA5,P51810,O15178,P14679
Q04671,Q9UDY8,O95999,Q9BXL6
Q9UBS4,Q99470
Q9UBS4,Q04671,Q9HCN8,P19526
O75460,Q12933,Q99683
Q9BT67,Q15477,Q96J02,P68036
O15178,Q96J02,Q0EFA5,Q9NQC7
P04792,P31749,Q16539,P49137
P31749,Q16539,P49137,P19526
P19526,Q16539,Q16644
Q04671,Q15477,Q9NXL9,Q9UJA3
Q9NXR1,Q96EZ8
P04637,Q0EFA5,O15151,O15178,Q00987
Q00987,P04637,Q9NZC7
O00470,P40424,P09016
O00470,P28356,P40424
O00470,P40424,P28358
P55347,P40424,P19526
P31314,Q99502,Q02962
P30542,P21728
O75899,Q9UBS5
O75899,Q13255,Q9UBS5
P21554,P14416
P29274,P14416
P32245,P48145
Q04671,P41968,Q92847
P29274,P21554,P14416
P29274,P21554
P41594,P29274
P43115,Q92847
P21731,Q92847
P43119,Q92847
Q15477,Q8NEZ3,Q9HBG6,P19526,O15178,Q96RY7
Q15477,Q8NEZ3,Q9HBG6,O75386,O15178,Q96RY7
Q15477,Q7Z4L5,P19526,Q9P2L0,O15178,Q96FT9
Q92847,P30989
Q04671,Q92847,P21728
P62873,P62136,P62140,P36873
Q04671,Q13324,P21728
P28223,Q0EFA5,P19526,O15178,P28335
Q04671,Q8TCY5,Q01718
Q0EFA5,P32241,P41587
P47872,Q0EFA5,P32241
P47872,Q0EFA5,P41587
Q92847,P14416,Q0EFA5
Q13501,P34972
Q04671,Q0EFA5,Q99436,O15178,P01106,P46937
O60894,P32241
O60896,P32241
P32241,O60895
Q03431,O60895
P49190,O60896
P47871,O60895
P34998,O60895
O60894,P41587
P41587,O60895
O60896,P41587
Q04671,P35346,Q92847,Q0EFA5
P28335,P21728
Q9UH03,Q99719
P04201,P30556
P29373,P10276,P30281
Q04671,P03372,Q09472,Q15596
Q96A33,Q9Y284
Q96HA7,Q6ZRQ5,Q0EFA5
Q14135,Q15561,P15172
Q12888,Q86V20,Q5UIP0,Q9UI95
Q0EFA5,P61764,Q16623
O76031,Q16740,P13196
Q96JJ3,P30530,Q14185,P08581
O60271,P53350,P85037
Q01167,O60271,P53350
Q04671,P41968,Q01726
P28335,Q92847
P34995,P07550
P21731,P43119
Q8NHY3,P29274
Q03431,P62873,P59768,P32121
Q13163,Q05655,Q13501
Q0EFA5,Q86U44,Q99436,P19526,P28072,Q9HCE5,Q15007
Q8N108,Q8N344,Q92769,Q13547
Q9UBL3,Q969V6
Q8NB16,Q9Y572,Q96HS1,Q13546
P35226,Q9HC52,Q06587,P19526,P42568
Q04671,Q9Y3A3,Q0EFA5,P19526,O15178,Q9P289
Q9H8S9,Q13188,Q15208
Q7L1V2,P86791,Q86VX9,Q96DM3
Q7Z3U7,O75110,Q9Y3R5
P35240,Q8N3R9,Q4VCS5,Q8NI35
Q04671,P62136,O14807,Q9UQ13
Q04671,P62140,O14807,Q9UQ13
Q14160,O14807,Q9UQ13
Q9UBG0,Q03405,P00749
Q6NTE8,Q92878,O60934,P49959
Q9BUL8,Q9P289,Q08379,Q0EFA5
P42285,Q04671,O60293,Q0EFA5,Q99436
O15178,Q04206,P15941
Q96B97,P15941
P62993,Q07889,Q0EFA5,P15941
O15178,Q96NY9,Q96AY2,Q0EFA5
Q0EFA5,P58753,O15178,Q99836,O00206
P19526,P41227,Q6N069
Q9BXJ9,Q9GZZ1,P41227,P19526
Q147X3,Q9BRA0,Q5VZE5
P61599,Q14CX7
Q5XXA6,P15382
Q5XXA6,Q9UJ90
Q68E01,Q9NRY2,Q96AH0
Q68E01,Q9NRY2,Q9BQ15
O15178,P20290,Q13765,Q0EFA5
Q8IZF0,Q8N2C7,Q9P2D8
Q6NUQ1,A2RRP1,O43264,Q0EFA5
O15178,Q09161,Q0EFA5,Q53F19
Q969V3,Q15155,Q9BVK8
Q9BT67,Q15477,Q9NV92
Q96PY6,Q9P0W8,O43822
Q9NYK1,P14780,Q99519
Q86UQ8,Q12800
Q9HD34,Q9Y697,P19526
Q6VVB1,O95278,Q04671
Q04671,Q15477,Q9NX24,Q0EFA5,Q9NPE3,O15178,Q9NY12,O60832
Q9H7T9,Q8N4C6,O14965
Q9Y2I1,Q15831
P37231,Q9P2D1,Q9UBE8,Q15047
Q9ULZ3,Q08211,Q7RTR0
Q96D46,P62826,O14980
P15531,P35613,P14923
P15531,P14174
Q9HC29,P29466,Q9C000,P28074
Q8NFA2,P63000,Q86UR1,Q9Y5S8
Q04671,P29466,Q9ULZ3,P59044
Q04671,P29466,Q9ULZ3,Q8WX94
Q04671,P29466,O14862,Q9ULZ3
O43187,Q9Y4K3,P51617,P01112
O14862,Q14790,Q9ULZ3
O95786,Q9ULZ3
Q03112,P17676,Q0EFA5,P19526
Q03112,O43463,P19526
P19526,Q03112,Q96KQ7
Q16666,P29466,Q9ULZ3
Q04671,P14598,P19878,Q15080
Q04671,P13498,P04839,P14598,P19878
P29466,Q9ULZ3,Q96P20,Q8TDX7
Q9C000,Q86TI2
Q9UDY8,Q14790,Q9ULZ3
Q7RTR2,P46940
Q04671,Q13075,P29466,Q9NPP4
P29466,P59046,Q9ULZ3
Q86W24,O95816,P54652
Q15233,Q13285
Q04671,Q0EFA5,P19526,O15178,P23246,Q15233
Q15233,Q13285,P23246
Q12906,Q07869,Q99873,O00482
Q12906,Q8NC51,O00482
Q15233,P17936,P23246
Q9BYF1,O15393
Q9BYF1,Q695T7
P04201,P50052
P30556,P50052
P04201,P30411
Q96C24,Q0EFA5,P61006
Q0EFA5,P16144,P23229,Q02297,P21860
P06756,P05106,Q0EFA5,Q02297,P21860
P78347,P19526,P23246,P09874
O75787,P00797
Q04671,Q15477,Q0EFA5,O75934,Q99459,P19526,P28072,O15178,O43660,Q9UMS4,P28074
Q8WU17,Q0EFA5,Q9Y5U4
Q9UBN7,O14894,Q8NEV8
O14894,P00533,P08648
O14894,P42345,Q8NBW4
P05556,P48509,P26006
Q04671,Q9P202,O75445,Q495M9
Q00653,Q04206,P08047,Q0EFA5
P42224,P17947,Q02556
Q04671,P42224,Q0EFA5,P19526,O15178,P10914,P28074
Q04671,Q14457,Q9P2Y5,Q9Y371
P48552,Q04917
P29466,O15553,Q9ULZ3
Q9Y5Y2,P53384
Q04671,Q9Y266,Q14203,O14576,P53350
Q04671,Q9UBU9,Q0EFA5,Q9Y5S9,Q9H1J1,Q86V81
Q04671,Q9UBU9,Q0EFA5,Q9BZI7,Q9Y5S9,Q86V81
Q9UBU9,P19526,O15178,Q9UKK6,P28074
P40818,Q8TEB7,Q96FW1
Q9NZL9,Q9Y2X7
O60341,Q9BTC8,O95343
P01011,Q92876
P01009,P07288
P01011,P20151
Q04671,Q15477,Q9NVI1,Q0EFA5,P19526,P28074,Q9BXW9
Q04671,O15287,O15178,O43542,P51587,P28074,Q9BXW9
Q9UQ80,P06748
P41222,P02766
Q9NXB0,O15178,Q9UPM9,Q9BPU9
Q92769,Q01094,Q9UQ80,P06400
Q9UNE7,Q9UQ80,P11142
Q12906,Q9UQ80
Q5JSS6,Q96M98
Q99598,Q15631
P16278,P10619
P16278,P10619,Q99519
Q09472,Q13363,O43524
Q9UGJ1,O15178,Q96RT8,Q96RT7
Q04671,O14965,Q0EFA5,Q9ULW0,P19526,Q99436,O15178
Q9ULW0,Q14980,O14965
Q13950,P19526,Q09472,P56545
Q04671,Q0EFA5,P19526,Q13950,O15178,Q09472
Q15477,Q0EFA5,O15178,Q96FJ2,P63167
Q9NS91,O15178,O15047
Q9NRD5,Q9BY11
Q9NRD5,Q9UNF0
Q9UKS6,Q9NRD5
O00187,P48740,P11226,Q0EFA5
Q9NQ40,Q96Q45
Q04671,Q9UNS1,Q15477,Q9BVW5
Q49AN0,Q9UNS1,Q04671
Q15477,Q8WXE1,Q13535,O15178,Q9UNS1
Q2KHM9,Q8WXW3,O75665
Q9H492,Q15154,O75665
P07948,Q0EFA5,P40763,Q9NWQ8
P07948,Q0EFA5,Q9NWQ8
P41240,Q9NWQ8,P06241,Q0EFA5
Q0EFA5,P20936,Q9NWQ8,P06241,Q07666
Q9NWQ8,P06241,Q0EFA5,Q07666
P41240,Q9NWQ8,Q0EFA5
Q9NWQ8,P06241,Q0EFA5
Q9NWQ8,P26038,O14745
Q9BTK6,Q15477,Q6ZW49
Q04671,Q15477,P38398,Q0EFA5,P19526,Q86YC2,P51587,P28074
Q04671,Q15477,Q0EFA5,P19526,Q06609,Q86YC2,P28074
Q96B01,Q86YC2
P11940,Q504Q3,O15178,Q58A45
P51003,Q6UN15,O43865
P36405,Q13432,O75695
Q04671,Q9UJZ1,Q96TA2,Q9H300
Q04671,O95453,Q9UKV8
Q8TDN4,P04637,O15350
Q96NG3,Q5T2S8,Q96M63,A5D8V7
P29460,Q9NPF7
P29459,P29460
Q13261,P40933
P14784,P40933,Q0EFA5,P31785
Q0EFA5,P31785,P60568,P14784,P01589
P14784,P60568,Q0EFA5,P31785
Q16595,Q9HD34,Q9Y697,P19526,Q9H1K1
P26951,P08700,P32927
Q01344,P05113,P32927
Q9UHF4,Q6UXL0,Q9NYY1
Q14116,Q13478
Q14116,O95256,Q13478
O15178,P16035,P50281
P08253,O15178,P16035,P50281
Q04671,Q15477,O60216,Q0EFA5,Q6KC79,P19526,Q14683
O43402,Q15006,Q9H4A3
O43402,Q15006,Q8N4V1
Q9UHD0,Q9UHF4,Q6UXL0,Q0EFA5
Q04671,Q0EFA5,P00734,P01008,P04004
Q04671,P05019,P24593
P35858,P05019,P24593
P01344,P24593
P35858,P01344,P24593
Q04671,Q0EFA5,P40189,P08887,O15178,P05231
Q04671,Q0EFA5,Q06587,P19526,P28072,Q9BSM1
Q04671,Q0EFA5,P19526,Q99496,P28072,Q9BSM1
Q04671,Q0EFA5,Q06587,P35227,P19526,P28072,O15178
Q04671,Q0EFA5,P35227,P19526,Q99496,P28072
Q04671,Q3KNV8,Q0EFA5,Q06587,P19526,P28072
Q04671,Q3KNV8,Q0EFA5,P19526,Q99496,P28072
P35226,Q04671,Q0EFA5,Q06587,P19526,P28072,O15178
P35226,Q04671,Q0EFA5,P19526,Q99496,P28072,O15178
Q04671,Q0EFA5,Q06587,Q86SE9,P19526,P28072
Q04671,Q0EFA5,Q86SE9,P19526,Q99496,P28072
Q04671,Q15477,Q0EFA5,Q06587,P19526,Q9BYE7,O15178,P28072
Q04671,Q15477,Q0EFA5,Q99496,Q9BYE7,P19526,P28072
Q04671,Q6R327,Q53EL6
P00747,Q0EFA5,P00750,O15178,P07996
P04196,P00747,P00750,Q0EFA5
P00747,Q0EFA5,P19526,O15178,P07996
O15178,P04196,P00747,Q0EFA5
P26992,Q92673
P26992,Q9UBD9,O75462
Q8NEV9,Q0EFA5,Q14213
Q6ZWH5,Q02750,P04049
Q8NEV9,O75462
Q15477,P30307,P20248,O15178,P24941
D6RGH6,O75496
P00813,P27487
P07359,P13224,P14770
P07359,P13224,P40197,P14770
P62826,P28074,P18754
Q04671,P61073,Q0EFA5,P19526,O15178,P48061,P28074
Q04671,Q0EFA5,P54727,Q99436,Q01831,P28074
P55211,P55210,P42574,O14727,P28074
Q04671,P19526,O15178,P55210,P42574,P28074
P55210,P28074,O14727
Q04671,P08962,O15178,O00560
Q04671,P42224,Q0EFA5,P19526,O15178,P40763
P08962,O15178,O00560,Q8WUM4
P17181,Q0EFA5,P29597,P48551
O00560,Q8WUM4,P18827
Q9HB75,Q9Y6K9,Q13546
Q04671,P17612,Q08499,Q99996
Q5VU43,Q99996,Q08AD1
Q04671,Q15477,Q0EFA5,P43246,Q99436,O15178,P52701,P28074
Q04671,Q0EFA5,P43246,P20585,P28074
Q9BZH6,Q04742,P10071
Q04671,Q0EFA5,P40189,O15178,O60674,O14543
Q04671,P62873,Q0EFA5,P19526,O15178,P59768
Q04671,P62879,P63215,P19526
Q9UK08,P62879,Q04671,P19526
Q04671,P62879,Q9HAV0,P19526
Q0EFA5,O14775,P49802
Q04671,Q0EFA5,O14775,P19526,P59768
O60262,P62879,Q04671,P19526
Q9UBI6,P62879,Q04671,P19526
Q04671,P62879,P59768,P19526
Q04671,O14610,P62879,P19526
Q13371,O14775
P62873,Q13371
Q04671,P48643,O14775
Q04671,P48643,P62873
P62879,Q13371
Q13371,Q9HAV0
Q04671,P62879,P50150,P19526
P48643,Q13371,O14775
Q04671,Q99996,Q08499,P51787
Q15131,Q8N1B3
Q9P2E2,Q92973,Q9ULC3
Q96IZ0,Q05513,Q13501
P00533,Q0EFA5,P19526,P62993,Q07912
Q07912,P16234,Q0EFA5,P62993
P30530,Q0EFA5,P19526,P62993,Q07912
Q70EL2,Q96EA4
Q9UM73,Q07912,Q0EFA5,P62993
P29376,Q07912,P62993
P00533,Q9UJM3,P62993
P16234,Q9UJM3,P62993
Q9UJM3,P30530,P62993
Q9UM73,Q9UJM3,P62993
P29376,Q9UJM3,P62993
O00470,P31269,P40424,P19526
Q15366,P62633,P19526
O00470,P31269,P40426
Q15654,Q12923,P50479
P13727,Q05655,O15530
P13727,Q05513,O15530
P29353,P62136,Q9H792
P29353,P36873,Q9H792
P16284,P50148,P30411
Q04671,P35968,Q0EFA5,P16284,P33151
O43541,Q96FA3
Q96AP7,Q16625,P16284,O15178,O95832
P03372,Q8IZL8,P12931
Q04671,Q15477,Q0EFA5,Q99436,O43447,O15178,O43172,O43395
Q6GPH4,P98170
Q15796,P84022,P60484,P35813
O15178,P98170,O15392
Q04671,Q15477,Q0EFA5,Q99436,O43447,O15178,O43172
Q04671,O43447,Q99633,Q0EFA5
Q04671,O94842,P62136,Q96QC0,Q6UXN9
Q04671,O94842,P62140,Q96QC0,Q6UXN9
Q04671,P36873,O94842,Q96QC0,Q6UXN9
P05198,P62136,Q5SWA1,P16333
Q04671,P27694,P15927,P35244,P23025,P28074
Q04671,Q0EFA5,P41208,P54727,Q99436,Q01831,P28074
P41208,P54725,P28074,Q01831
P62826,O14980,Q9H6Z4
P28074,P62826,Q9C0E2
P51149,Q96NA2,Q9BXW6,Q14203
Q9HAV4,P62826,P28074
O43765,Q9NXW2,P11142,Q8TBM8
Q0EFA5,Q9NXW2,Q8TBM8,P19526
Q96QU8,P62826
Q9UIA9,P62826,P28074
P62826,P28074,O43592
Q8TEX9,P62826
O15178,P28074,O00410,P62826
O95373,O15178,P62826,P28074
Q9UI26,P62826
O94829,P62826,P28074
Q04671,P16298,Q0EFA5,O15178,P63098
O43765,Q92598,P11142,Q8TBM8
Q04671,P48454,Q0EFA5,O15178,P63098
Q04671,Q14004,Q0EFA5,O75909
Q04671,Q9NYV4,Q0EFA5,O75909
Q92973,P61006
O15178,Q96P70,P62826,P28074
O15178,P62826,O15397
O95373,P19526,O15178,Q14974,P28074
Q04206,P17706,Q0EFA5
O75154,P62491,Q9ULH1
O15519,O15178,Q14790,P28074
Q04671,Q02846,Q7Z3Z2
Q9Y5L0,O15178,P62826
O15178,P28074,P62826,Q92973
Q9Y572,Q9H171
P43487,P62826,P28074
P43487,P62826,P28074,P18754
Q9NZN9,P07900,P11142,P0DMV8,P19526
Q14790,O15178,Q13546,Q13158
Q05586,Q8TB68,Q13224
Q0EFA5,Q9UHA4,Q6IAA8,O15178,Q9Y2Q5
P35226,P61077,Q04671,Q99496
Q04671,Q96B36,Q9BVC4,P42345,O15178,Q8N122
Q04671,Q9H9Q4,Q0EFA5,Q99436,O15178,P28074,Q13426
Q04671,P60510,Q8TF05
Q04671,P60510,Q9NY27,Q5MIZ7
Q04671,P60510,Q6IN85,Q9NY27
Q04671,P60510,Q6NUP7
Q04671,P07900,Q92574,P49815
O00743,Q96S55,Q14142
Q04671,O00743,Q9UPN7,O15084
Q04671,O00743,Q9UPN7,Q8N8A2
Q04671,O00743,Q5H9R7,O15084
Q04671,O00743,Q9UPN7,Q8NB46
Q04671,Q9Y5X4,O43186
Q13261,P37173
Q04671,P26715,Q13241,P19526,O15178
P09622,P62826,Q14494
Q8TDB6,Q8IXQ6,P10275
P26358,Q96T88,Q93009,P19526
Q03135,Q8WUM4,Q16625
Q96SB4,P49841,Q9H4A3
Q04671,Q0EFA5,Q16236,P19526,O15178,Q14145
O43156,Q9Y4R8,Q6NXR4
Q04671,Q15477,Q0EFA5,Q9Y265,P19526,O15178,Q9Y230,O60832
Q04671,Q15477,Q9Y265,P19526,Q9Y230,O14746
Q9H0W8,Q04671,Q0EFA5,Q8ND04,Q96Q15
Q04671,Q15477,Q0EFA5,Q9Y265,Q99436,P19526,O15178,P28072,Q9Y230
P04818,P00374,P34896,Q0EFA5
P63096,Q0EFA5,P14416
Q04671,Q15477,Q0EFA5,P19526,O15178,Q969X6,Q9H8H0,Q15061
P02786,Q9NQ48,O43747
P14618,Q9H6Z9,P19526
Q04671,Q9UHW5,Q9HCN4
P08253,Q14508,P07355
Q13485,Q0EFA5,O15178,P84022,P12757
Q96NA2,Q969Q5,P51159
Q15669,O60716
Q13492,P63010,Q96CW1,O95782
Q8WV07,Q9NRH1
Q04671,P11142,Q0EFA5,P19526,O15178,P34932,P25685
Q00987,O76021,P04637
Q3ZCQ8,Q16637
Q15329,Q0EFA5,P19526,O15178,P28749,Q14186
Q9Y2T7,Q9H074
Q04671,Q0EFA5,Q06587,Q8N488,Q99496,P28072,Q9BSM1
Q04671,Q0EFA5,Q06587,Q99496,Q8IY57,Q9BSM1
Q04671,Q06587,Q8N488,P35227,Q99496,P28072
Q04671,Q0EFA5,Q06587,P35227,Q99496,P28072,Q8IY57
P35226,Q04671,Q06587,Q8N488,Q99496,P28072
P35226,Q04671,Q0EFA5,Q06587,Q99496,P28072,Q8IY57
Q5T848,O14775,P49802
P49758,Q5T848,O14775
Q6MZT1,O14775,P49802
Q6PRD1,P49758,O14775
Q6PRD1,O14775,P49802
Q6PRD1,O75916,O14775
Q6PRD1,O94810,O14775
O15178,P28074,Q9NYJ8,O43318
Q13075,P55211
O00555,Q00975,P63172
P41240,P07900,P11142
P48729,P49674,P08235
Q9UBF1,Q13263,P43357
Q16790,Q8TBZ2
P60953,O94868,O00401,Q15477
Q8TEK3,P55197
O15178,Q96CB9,Q7Z6M4
Q9UP52,Q0EFA5,Q30201,P19526,O15178,Q6ZVN8
Q9Y6Y9,Q0EFA5,P19526,O15178,O00206
O15178,Q13263,P43356
Q9UQE7,Q8N3U4,Q92995
P08571,Q9Y6Y9,O15178,O00206
Q13263,P43357
P43360,Q13263
Q13263,Q9UBF1
Q8NG27,Q9Y5V3
Q8WV22,Q9HAY2
Q8WV22,Q96MG7,Q0EFA5,Q99436
Q8NG27,Q96MG7,Q0EFA5
Q9UJ55,P14373
P16671,O15178,O00206,Q9Y2C9
Q9NYJ8,O43318,O15455,O15178,Q9Y4K3
O15178,P51617,Q0EFA5,Q9H0E2
P43364,P10275
Q04671,P00533,P22681,Q0EFA5,P52735,Q99436
Q04671,Q0EFA5,Q92560,P19526,Q8IXJ9,P28072
Q76L83,Q92560,P19526
Q86V97,Q0EFA5,Q99436,O15178,Q13618
Q0EFA5,Q99436,O15178,Q13618,Q8WVZ9
A3KN83,Q15561,P46937
A3KN83,Q06330,P46531
Q96SB8,Q8IY18,Q0EFA5,Q99436
Q04671,P04637,Q0EFA5,P19526,Q99436,P28072,O15178,Q09472
Q04671,Q13838,O15178,P82979,Q86V81
Q04671,O00148,Q99436,O15178,P82979
Q92844,Q14694,Q5D1E8
P14866,Q9BYW2
P46736,Q0EFA5,Q15018,Q9NXR7,Q9NWV8
P03372,P04637,P43356
Q9ULD6,Q9Y4D1,O75161
Q13309,Q01094,P43364
Q8IXB1,Q5HYA8,Q9UBS3
Q04671,Q15477,Q659A1,Q0EFA5,Q8N5P1,O15178,Q9Y2F5,P55199
Q96EB6,Q0EFA5,O43159,Q9HAN9
Q15477,Q0EFA5,Q86U44,Q99436,P19526,P28072,Q9HCE5
Q9Y295,Q8WU90
Q99436,P55039,Q9H446
Q04671,Q0EFA5,P31785,P13232,O15178,P16871
Q92734,Q13114
Q7Z434,Q92734,Q9UHD2,Q13114
O95343,O95677
P15884,O95409
Q04671,Q13617,Q7Z7L7,Q99436
Q9HBE4,P31785,Q9HBE5,Q0EFA5
Q04671,Q13635,Q4KMG0,Q0EFA5
Q04671,Q4KMG0,Q0EFA5,Q9BWV1
Q5JTW2,Q9Y4B6,O95071,Q92630
Q9UNT1,Q96LK0,O95684,Q5VT06
P46100,Q96GC6,Q13263,Q15047
O43924,Q92834
Q04671,Q92834,Q9NRR6
Q92834,Q68CZ1
O14678,Q9NUN5
Q16281,Q04671,Q9NQW8
Q9NPF7,P42701,P29460,Q5VWK5
O15178,Q9UHD2,Q13114
P40424,Q96AQ6
P31314,P40425
P09629,P40425
O00444,Q5VWP2
Q15468,O00444,Q0EFA5
Q9UHD2,Q86WV6,Q13114
Q0EFA5,Q9BV40,P28072,Q12846,O00161
Q15327,Q14653
Q15327,P19838
P42224,Q0EFA5,P52630,O15178,Q00978,P28074
Q92844,Q9UHD2,O15178,Q13114
Q9UHD2,Q0EFA5,Q99436,O15178,Q14164
Q92844,O15178,Q13114
Q92844,Q9UHD2,O15178,Q14653
Q04671,Q0EFA5,P26010,O15178,P13612
Q92844,Q9UHD2,O15178,Q14164,Q13114
Q04671,P26006,Q0EFA5,P18084,O15178
Q04671,P26006,Q0EFA5,P16144,O15178
Q7Z434,O95786,O15178,Q99558
Q7Z434,O95786,O15178,Q0EFA5
Q16666,P38398,Q8N257
Q16666,P46736
O43303,P41208,P0DP23
Q9Y584,Q9BSF4,O15178,Q53H12
O15178,P62072,Q9Y5J7,Q9Y5J6
P19526,O15178,Q9Y3D7,Q96DA6
Q7Z434,Q9UHD2,O15178,Q9Y6K9
Q92844,Q9UHD2,O15178,Q14164,Q14653
O15178,Q8N5C8,Q15750,O43318
Q7Z434,O15178,Q15628
Q7Z434,O15178,Q13546,Q13158
Q8TE73,Q9UI46,Q9GZS0,Q9NYC9
Q92844,O15178,Q15628,Q13114
Q99836,O15178,Q92985,Q0EFA5
Q99836,O15178,Q9NWZ3
O14777,O95229,O43264,Q99436
Q6NUQ1,Q9H900,A2RRP1,O43264
O15178,Q13505,O75431,Q0EFA5
O15178,Q14164,O00571,Q14653
Q7Z434,O15178,Q14164,Q13114
O95786,Q14258,P62258
P31431,O95786,Q9NQC7
Q6NVH7,Q04671,Q19AV6,P28074
O15178,Q16891,Q0EFA5,Q9BUR5
Q12906,Q9HAV4,P62826,Q9UL40
Q7Z434,O95786,O15178,Q86WV6
Q0EFA5,O15178,Q99836,Q9Y4K3,Q92985
O95831,Q8N4Q1
Q9BZS1,Q13547,P56545
Q04671,P29466,Q9C000,Q9ULZ3
Q9GZN7,Q9Y4E6,Q9Y485
Q8TDJ6,Q9GZN7,Q9Y4E6
Q6Y7W6,O60573,Q86UK7
Q16637,O75312,Q14974,O95149
P55789,Q8N4Q1,O15178
Q9Y463,Q96S59
Q12923,Q96C92,Q9Y2X7
Q0EFA5,Q08334,O15178,Q8IU54,Q8IU57
P43026,P07900,P11142,P61073
P62491,Q9NZQ7,Q9Y296
P62195,O15178,Q14790,Q9NPP4
Q04671,P29466,Q0EFA5,Q9ULZ3,Q96P20
P16671,O15178,Q9Y2C9,O60603
Q0EFA5,O60603,P19526,O15178,Q9Y2C9
Q9BZH6,Q9HAS0
Q99467,O15178,O95711
O15455,O15178,Q8IUC6,Q0EFA5
O43187,O15178,Q9NPH3,P14778
Q9NPH3,P14778,O15178,Q99836,P51617
Q9Y4K3,O15178,P58753,Q0EFA5
Q7L804,P62491,Q8IUC6,Q86XR7
P62491,Q13291,Q6WKZ4
Q0EFA5,P52735,P04626,P62993,P16070
Q7L804,P62491,Q13291
Q9BXF6,P62491,Q13291
Q14457,Q8NEB9,Q13291,Q99570
O95342,Q9NZZ3
Q04671,Q0EFA5,P15498,Q99436,P29350
Q04671,Q0EFA5,Q07889,P29350,P62993
P35240,Q9H204,P62993
Q99436,Q7Z5G4,Q0EFA5,Q9Y397
Q7Z5G4,Q9C0B5
Q9C0B5,Q2TAP0
Q04671,P19174,Q0EFA5,Q07889,P62993,P43403
Q0EFA5,O15178,P43405,Q99836,O00206
O15178,P43405,O00206,Q99836,P51617
O60229,P48553,Q96Q05,Q9Y296
Q7Z392,Q9Y484,Q96BY7
P05067,O14925,O96008
P52292,Q9UKX7,P28074
O15178,O00629,Q14974
Q14974,O00505
P52294,Q14974
Q14974,O60684
O15178,O00629,P62826,P55060
P62826,O00505,P55060
P52294,P62826,P55060
P55060,P62826,O60684
Q9Y512,O15178,Q5HYI7,O75431
Q0EFA5,Q9NVH1,P19526,O15178,Q13505
Q7Z434,Q9Y6K9,O15178,Q12933
Q7Z434,O15178,Q14164,O00571,Q13114
P19526,Q9UL51,Q9Y3Q4
Q9P1Z3,P19526,O60741
Q04671,P19526,Q9Y3Q4,O60741
Q9P1Z3,P19526,Q9Y3Q4
Q04671,P19526,O15178,O96008,O60260
Q04671,O94826,P19526,O15178,O60260
Q7Z434,O95786,Q9BZY9
Q9UHD2,Q0EFA5,Q7Z434,O15178,Q14164
Q9UHD2,O95786,Q7Z434,O15178,Q13114
P43080,Q02846,Q7Z3Z2
Q04671,Q9Y572,Q99436,P19526,O15178,P28074,Q13546
Q9Y572,Q13158,O15178,Q14790,Q13546
P36873,Q9UQ13,P01112
P36873,P01116,Q9UQ13
Q04671,O14807,P36873,Q9UQ13
P01111,P36873,Q9UQ13
O15455,O15178,Q8IUC6,Q13546
Q8K3K8,Q9WUN2
O15178,Q9UHD2,Q96CV9,Q0EFA5
Q0EFA5,O60602,P19526,O15178,O00206
Q0EFA5,P19526,O15178,Q99836,O00206
P04198,Q86V81
O15178,P04198,Q96EB6,P19526
P08047,P19526,O15178,P04198,Q92769
P08047,P19526,Q13547,O15178,P04198
Q14289,Q99836,Q8NF50
Q7Z434,O15178,Q14164,Q0EFA5
Q04671,Q9UHD2,Q0EFA5,O15178,Q9Y4K3,P28074
Q9Y4K3,Q9BQ95,O43318
O15178,Q14164,O00571
Q04671,O43615,P19526,O15178,O60830,O14925
P42224,Q0EFA5,P17181,P48551,P63244
O15178,Q9UHD2,Q9H6S1
Q12933,O15178,P20333,Q13490,Q13114
Q04671,P15382,Q0EFA5,P51787
Q9UHD2,Q76LV2,Q14653
Q07812,P07900,O94826,Q14653
Q07812,Q14653
P07900,Q0EFA5,O95786,O15178,P28072
O43187,P21145
Q04671,Q15477,Q9H6T3,Q9Y265,P19526,Q9Y230,Q9NWS0
Q7Z434,O15178,O94826
P68371,P98172
Q04671,P07900,O94826,P19526,O15178
P07900,Q9UHD2,P19526,O15178,Q14653
Q9UHD2,P07900,O94826,P19526,Q14653
P07900,O14920,O15111,O94826,P19526,O15178
Q04671,P40855,Q0EFA5,P56589
Q8TBZ6,Q9C0B1
Q9BPX6,P55851
Q9NP59,Q0EFA5,Q9BQS7,P19526
P08047,P04198,Q13105
O15178,P04198,O14965
O60341,O15178,P04198,P19526
Q02750,Q9NZC7
Q9NZC7,Q12891
P84022,Q9NZC7,Q12891
Q13485,Q9NZC7,Q12891
Q13485,P04637,Q9NZC7
P19838,Q04206,Q9UBK9
Q6N021,Q9NYF8,Q0EFA5
P63316,O15178,P19429,P45379
P16871,Q969D9,Q9HC73
Q9H2X3,P04275
O15178,P00451,Q0EFA5,P04275
O60749,O95219,Q0EFA5
P48357,O60749,Q0EFA5
P48357,O95219,Q0EFA5
O60749,P06213
O95219,P06213
P00533,O60749,Q0EFA5
P00533,O95219,Q0EFA5
P09619,O60749
P09619,O95219
Q04671,O00623,P50542
Q04671,O00623,O60683
Q9BUV8,Q9UM00
Q0EFA5,Q9HC29,O15178,O43353,P28074
O15178,Q13501,Q0EFA5,Q14145
P58400,P22303
P06276,P02647,Q04671
P06276,P04114,Q04671
P06276,Q04671,P10909
P06276,P04264
P06276,P13645
P06276,Q04671,P02768
P06276,P35527
P06276,P35908
P06276,P02533
P06276,P02765
P04259,P06276
P06276,P02787
P06276,P02538
P06276,P13647
P06276,P09871
P06276,P08779
P06276,P0DOX5
P06276,P04004
P06276,P68871
P06276,P07996
P06276,P01871
P06276,Q08380
P06276,P01023
P06276,Q04671,P00739
P06276,Q04671,P00738
P19526,P35869,P27540
O15550,Q9Y508
P98160,Q9Y215
O15146,Q9Y215
