"","811","812","813"
"Q15149",1,1,1
"Q09666",1,1,1
"P21333",1,1,1
"P78527",1,1,1
"O75369",1,1,1
"Q14204",1,1,1
"Q13813",1,1,1
"Q01082",1,1,1
"P35579",1,1,1
"P31327",1,1,1
"Q9Y490",1,1,1
"P49327",1,1,1
"Q00610",1,1,1
"P46940",1,1,1
"Q7Z6Z7",1,1,1
"Q92616",1,1,1
"P07814",1,1,1
"O43707",1,1,1
"Q14980",1,1,1
"P27708",1,1,1
"P46013",1,1,1
"P42704",1,1,1
"P22314",1,1,1
"P12814",1,1,1
"P49792",1,1,1
"Q5T4S7",1,1,1
"O75643",1,1,1
"P13639",1,1,1
"Q6P2Q9",1,1,1
"P55072",1,1,1
"P18206",1,1,1
"P14618",1,1,1
"Q08211",1,1,1
"Q14573",1,1,1
"P12270",1,1,1
"P0DMV8",1,1,1
"P0DMV9",1,1,1
"P08238",1,1,1
"Q9NZM1",1,1,1
"P34932",1,1,1
"P14625",1,1,1
"Q86UP2",1,1,1
"P02545",1,1,1
"P11586",1,1,1
"P22102",1,1,1
"P11021",1,1,1
"P07900",1,1,1
"P41252",1,1,1
"P78371",1,1,1
"P07437",1,1,1
"P49588",1,1,1
"P05787",1,1,1
"P04075",1,1,1
"P68371",0,1,1
"P11142",1,1,1
"P53621",1,1,1
"P53396",1,1,1
"P43243",1,1,1
"P63261",1,1,1
"P60709",1,1,1
"O75533",1,1,1
"Q9Y4L1",1,1,1
"P06733",1,1,1
"Q8WWI1",1,1,1
"P13667",1,1,1
"Q04637",1,1,1
"P11388",1,1,1
"P55060",1,1,1
"P26038",1,1,1
"P10809",1,1,1
"P35658",1,1,1
"Q14697",1,1,1
"P52272",1,1,1
"O00410",1,1,1
"O00571",1,1,1
"P58107",1,1,1
"P38646",1,1,1
"P00558",1,1,1
"P08670",1,1,1
"Q9UIG0",1,1,1
"P26358",1,1,1
"P17987",1,1,1
"Q14152",1,1,1
"P15924",1,1,1
"P29401",1,1,1
"P31939",1,1,1
"P33176",1,1,1
"P49321",1,1,1
"P27824",1,1,1
"Q9C0C2",1,1,1
"Q13085",1,1,1
"P49736",1,1,1
"Q14203",1,1,1
"P16615",1,1,1
"P47897",1,1,1
"Q9P2E9",1,1,1
"Q04695",1,1,1
"Q9UQ35",1,1,1
"Q15029",1,1,1
"Q12888",1,1,1
"Q99832",1,1,1
"O14980",1,1,1
"P05023",1,1,1
"Q92900",1,1,1
"P09874",1,1,1
"P52948",1,1,1
"Q14839",1,1,1
"Q15021",1,1,1
"Q9BQE3",1,1,1
"Q14683",1,1,1
"O15067",1,1,1
"Q14690",1,1,1
"Q16531",1,1,1
"Q7L014",1,1,1
"P06576",1,1,1
"Q13263",1,1,1
"Q93008",1,1,1
"Q13200",1,1,1
"P26640",1,1,1
"P25205",1,1,1
"P08195",1,1,1
"O00429",1,1,1
"Q93009",1,1,1
"O15020",1,1,1
"Q29RF7",1,1,1
"Q5JPE7",1,1,1
"P52701",1,1,1
"P20700",1,1,1
"O60841",1,1,1
"P13797",1,1,1
"Q08J23",1,1,1
"P55265",1,1,1
"Q7KZF4",1,1,1
"Q14566",1,1,1
"P40939",1,1,1
"P61978",1,1,1
"Q5VYK3",1,1,1
"P49368",1,1,1
"Q00341",1,1,1
"P25705",1,1,1
"Q12906",1,1,1
"Q92621",1,1,1
"P26639",1,1,1
"Q14C86",1,1,1
"Q99460",1,1,1
"Q8WUM4",1,1,1
"P50990",1,1,1
"P48643",1,1,1
"P31948",1,1,1
"Q9NTJ3",1,1,1
"Q92598",1,1,1
"P13010",1,1,1
"Q9P2J5",1,1,1
"P49411",1,1,1
"Q15393",1,1,1
"Q15155",1,1,1
"Q92499",1,1,1
"Q9NU22",1,1,1
"P16144",1,1,1
"Q01813",1,1,1
"O60506",1,1,1
"P50395",1,1,1
"Q5JTH9",1,1,1
"P49915",1,1,1
"P42166",1,1,1
"Q6UVK1",1,1,1
"P33991",1,1,1
"P54136",1,1,1
"Q9UQE7",1,1,1
"Q02880",1,1,1
"P02786",1,1,1
"Q9NR30",1,1,1
"Q9NYU2",1,1,1
"P30101",1,1,1
"P23921",1,1,1
"O43175",1,1,1
"Q00839",1,1,1
"Q13885",1,1,1
"Q9Y678",1,1,1
"P15311",1,1,1
"P49748",1,1,1
"Q9NZB2",1,1,1
"P68366",1,1,1
"Q9BQG0",1,1,1
"O94906",1,1,1
"P05783",1,1,1
"P56192",1,1,1
"Q9Y5B9",1,1,1
"Q14643",1,1,1
"P27797",1,1,1
"Q92841",1,1,1
"P08727",1,1,1
"P26599",1,1,1
"O60610",1,1,1
"Q16658",1,1,1
"Q9H583",1,1,1
"Q14974",1,1,1
"Q92614",1,1,1
"P29144",1,1,1
"P63010",1,1,1
"P55884",1,1,1
"P11717",1,1,1
"P11940",1,1,1
"B0I1T2",1,1,1
"P13645",1,1,1
"P27816",1,1,1
"Q9H0A0",1,1,1
"P23246",1,1,1
"Q86VP6",1,1,1
"Q12797",1,1,1
"P00533",1,1,1
"P50991",1,1,1
"Q9Y2L1",1,1,1
"P07355",1,1,1
"P04083",1,1,1
"P28340",1,1,1
"Q16891",1,1,1
"P60842",1,1,1
"Q02790",1,1,1
"O43390",1,1,1
"P08729",1,1,1
"P53618",1,1,1
"P04406",1,1,1
"Q02218",1,1,1
"P48147",1,1,1
"P11413",1,1,1
"P30622",1,1,1
"P06737",1,1,1
"P41250",1,1,1
"Q06210",1,1,1
"P10586",1,1,1
"P51659",1,1,1
"Q96QK1",1,1,1
"Q7Z2W4",1,1,1
"P12956",1,1,1
"P04040",1,1,1
"Q9UQ80",1,1,1
"P14868",1,1,1
"Q14258",1,1,1
"P34897",1,1,1
"O00567",1,1,1
"Q99798",1,1,1
"P51610",1,1,1
"P31040",1,1,1
"P35606",1,1,1
"P42345",1,1,1
"O00267",1,1,1
"P35573",1,1,1
"P11498",1,1,1
"O95347",1,1,1
"O43143",1,1,1
"Q5UIP0",1,1,1
"P78344",1,1,1
"Q8TEQ6",1,1,1
"Q9Y2X3",1,1,1
"Q14008",1,1,1
"P43246",1,1,1
"P80723",1,1,1
"P20042",1,1,1
"Q8WUM0",1,1,1
"P17844",1,1,1
"Q9BSJ8",1,1,1
"Q13435",1,1,1
"Q9UPN3",1,1,1
"Q15233",1,1,1
"Q8TEM1",1,1,1
"Q8IY81",1,1,1
"Q9H2G2",1,1,1
"Q14157",1,1,1
"P55786",1,1,1
"P54577",1,1,1
"O95782",1,1,1
"Q16881",1,1,1
"P07237",1,1,1
"P09960",1,1,1
"Q86XP3",1,1,1
"P36952",1,1,1
"O60264",1,1,1
"P42765",1,1,1
"O95163",1,1,1
"A6NHR9",1,1,1
"P31943",1,1,1
"P00966",1,1,1
"O60271",1,1,1
"P20020",1,1,1
"Q9Y520",1,1,1
"P08243",1,1,1
"Q8N163",1,1,1
"Q13310",1,1,1
"P50851",1,1,1
"P33993",1,1,1
"Q15459",1,1,1
"O95373",1,1,1
"O75534",1,1,1
"Q1KMD3",1,1,1
"P63244",1,1,1
"P30153",1,1,1
"P78347",1,1,1
"Q10567",1,1,1
"P40926",1,1,1
"Q92878",1,1,1
"Q8WYP5",1,1,1
"P62258",1,1,1
"P19338",1,1,1
"P17980",1,1,1
"Q92973",1,1,1
"Q8NI36",1,1,1
"O75694",1,1,1
"P17301",1,1,1
"Q8TEX9",1,1,1
"P35241",1,1,1
"Q9UPQ0",1,1,1
"O60437",1,1,1
"Q9UKV3",1,1,1
"P35237",1,1,1
"O75083",1,1,1
"P43490",1,1,1
"O75153",1,1,1
"P12268",1,1,1
"P27694",1,1,1
"P62140",1,1,1
"Q15075",1,1,1
"Q13509",1,1,1
"A5YKK6",1,1,1
"Q9H4A4",1,1,1
"Q7KZ85",1,1,1
"Q63HN8",1,1,1
"O75116",1,1,1
"P42167",1,1,1
"Q12931",1,1,1
"P16435",1,1,1
"P11216",1,1,1
"P27348",1,1,1
"Q6PKG0",1,1,1
"P33992",1,1,1
"O00159",1,1,1
"Q13423",1,1,1
"O14776",1,1,1
"P36776",1,1,1
"Q9Y265",1,1,1
"P11387",1,1,1
"P68104",1,1,1
"O15027",1,1,1
"P62136",1,1,1
"Q8NE71",1,1,1
"P26196",1,1,1
"P54886",1,1,1
"P28331",1,1,1
"P22626",1,1,1
"O95757",1,1,1
"P18583",1,1,1
"Q9BVP2",1,1,1
"P52888",1,1,1
"P21796",1,1,1
"Q13838",1,1,1
"Q5VT52",1,1,1
"P60174",1,1,1
"Q99613",1,1,1
"P49589",1,1,1
"P06744",1,1,1
"P22234",1,1,1
"P17858",1,1,1
"Q96P70",1,1,1
"Q12788",1,1,1
"P20810",1,1,1
"Q16719",1,1,1
"P49790",1,1,1
"P14866",1,1,1
"Q8TAQ2",1,1,1
"Q7L2E3",1,1,1
"P08133",1,1,1
"Q92945",1,1,1
"O75717",1,1,1
"P23634",1,1,1
"O60763",1,1,1
"Q9P258",1,1,1
"P45974",1,1,1
"Q9Y2T3",1,1,1
"Q12965",1,1,1
"Q96AE4",1,1,1
"P36578",1,1,1
"O43592",1,1,1
"Q14151",1,1,1
"Q15424",1,1,1
"P50570",1,1,1
"Q16555",1,1,1
"Q9Y230",1,1,1
"O60664",1,1,1
"Q9UHD8",1,1,1
"P36873",1,1,1
"Q8NC51",1,1,1
"Q9NSE4",1,1,1
"Q9Y262",1,1,1
"Q9BTC0",1,1,1
"P17812",1,1,1
"Q9Y263",1,1,1
"Q07065",1,1,1
"Q8IWZ3",1,1,1
"O94979",1,1,1
"Q15020",1,1,1
"O00116",1,1,1
"Q9H2U1",1,1,1
"Q02809",1,1,1
"Q9HAV4",1,1,1
"Q8N1F7",1,1,1
"Q15436",1,1,1
"Q9BXP5",1,1,1
"P21980",1,1,1
"Q9NWH9",1,1,1
"Q9BQ52",1,1,1
"P04843",1,1,1
"Q99714",1,1,1
"P00367",1,1,1
"P26641",1,1,1
"O60716",1,1,1
"P07195",1,1,1
"P07954",1,1,1
"Q99459",1,1,1
"Q9UNX4",1,1,1
"P08237",1,1,1
"P39023",1,1,1
"P24928",1,1,1
"O00148",1,1,1
"P35998",1,1,1
"P31150",1,1,1
"P36871",1,1,1
"O60488",1,1,1
"P04844",1,1,1
"P50454",1,1,1
"P52209",1,1,1
"P09651",1,1,1
"P42330",1,1,1
"Q86Y56",1,1,1
"P42285",1,1,1
"Q96I24",1,1,1
"Q32MZ4",1,1,1
"P23381",1,1,1
"Q15365",1,1,1
"P28838",1,1,1
"Q96AC1",1,1,1
"P49419",1,1,1
"Q01970",1,1,1
"Q6P2E9",1,1,1
"Q12769",1,1,1
"P32004",1,1,1
"P43686",1,1,1
"P29692",1,1,1
"Q96KR1",1,1,1
"O14974",1,1,1
"Q12802",1,1,1
"P40227",1,1,1
"P46100",1,1,1
"Q07157",1,1,1
"P13489",1,1,1
"Q13283",1,1,1
"Q15181",1,1,1
"P63104",1,1,1
"Q01518",1,1,1
"O43290",1,1,1
"P31930",1,1,1
"Q9NVP1",1,1,1
"Q12905",1,1,1
"Q01780",1,1,1
"O14617",1,1,1
"Q6KC79",1,1,1
"Q96TA1",1,1,1
"Q15418",1,1,1
"Q9Y2W1",1,1,1
"P31153",1,1,1
"Q15046",1,1,1
"Q6PGP7",1,1,1
"P00491",1,1,1
"O75691",1,1,1
"P21399",1,1,1
"Q86UK7",1,1,1
"Q9BY44",1,1,1
"P27695",1,1,1
"Q8N3U4",1,1,1
"P23526",1,1,1
"O95239",1,1,1
"O94826",1,1,1
"Q08379",1,1,1
"P09884",1,1,1
"P38606",1,1,1
"P41091",1,1,1
"Q10471",1,1,1
"Q6YHK3",1,1,1
"Q92797",1,1,1
"Q9BUF5",1,1,1
"O43242",1,1,1
"P18858",1,1,1
"Q7L576",1,1,1
"Q8NI27",1,1,1
"Q7Z2Z2",1,1,1
"P05198",1,1,1
"Q9Y5S2",1,1,1
"Q15084",1,1,1
"Q9NTI5",1,1,1
"Q15397",1,1,1
"Q13428",1,1,1
"A0AVT1",1,1,1
"Q96PK6",1,1,1
"P00338",1,1,1
"O60287",1,1,1
"Q9Y5L0",1,1,1
"Q27J81",1,1,1
"P35580",1,1,1
"P24752",1,1,1
"P62195",1,1,1
"A0FGR8",1,1,1
"Q16401",1,1,1
"P45880",1,1,1
"O75367",1,1,1
"P17655",1,1,1
"P31946",1,1,1
"Q9NY33",1,1,1
"Q5JSH3",1,1,1
"O15031",1,1,1
"O75955",1,1,1
"Q8IVT2",1,1,1
"Q5JRA6",1,1,1
"Q14247",1,1,1
"Q9UHX1",1,1,1
"P49750",1,1,1
"Q8WWQ0",1,1,1
"P55795",1,1,1
"Q9UIA9",1,1,1
"O43847",1,1,1
"Q92974",1,1,1
"Q96K76",1,1,1
"Q9BZE4",1,1,1
"P35251",1,1,1
"O60313",1,1,1
"Q9Y617",1,1,1
"Q7Z4S6",1,1,1
"O75179",1,1,1
"Q96T88",1,1,1
"Q03701",1,1,1
"Q8TCS8",1,1,1
"Q9UKN8",1,1,1
"Q15063",1,1,1
"O15294",1,1,1
"Q14240",1,1,1
"P18754",1,1,1
"Q92922",1,1,1
"O43776",1,1,1
"P67809",1,1,1
"Q9UBT2",1,1,1
"P30740",1,1,1
"O00425",1,1,1
"Q03252",1,1,1
"O95573",1,1,1
"P55263",1,1,1
"P09104",1,1,1
"P52597",1,1,1
"P50416",1,1,1
"O00299",1,1,1
"P46063",1,1,1
"P49756",1,1,1
"Q14764",1,1,1
"P62191",1,1,1
"Q9UGP8",1,1,1
"P61247",1,1,1
"Q96T23",1,1,1
"Q15154",1,1,1
"P13929",1,1,1
"P35609",0,0,0
"Q86V48",1,1,1
"P51812",1,1,1
"P62937",1,1,1
"P30041",1,1,1
"Q5H9R7",1,1,1
"O43719",1,1,1
"P40763",1,1,1
"O00232",1,1,1
"Q6PL18",1,1,1
"O60216",1,1,1
"Q6UB35",1,1,1
"O43491",1,1,1
"Q9UKS6",1,1,1
"Q9UHB9",1,1,1
"O95071",1,1,1
"Q9BSJ2",1,1,1
"Q8WWM7",1,1,1
"O95433",1,1,1
"Q8IX12",1,1,1
"Q16822",1,1,1
"Q6NUK1",1,1,1
"O43852",1,1,1
"O00231",1,1,1
"Q9BTE3",1,1,1
"Q969V3",1,1,1
"Q9BT78",1,1,1
"Q96KP4",1,1,1
"P38919",1,1,1
"Q14498",1,1,1
"Q9P2R3",1,1,1
"Q9H845",1,1,1
"Q96EN8",1,1,1
"P14314",1,1,1
"P07996",1,1,1
"Q9Y2U8",1,1,1
"Q5SRE5",1,1,1
"O76094",1,1,1
"Q9Y3F4",1,1,1
"Q4V328",1,1,1
"Q5JRX3",1,1,1
"Q9Y4W6",1,1,1
"P08758",1,1,1
"Q9Y4E8",1,1,1
"Q14166",1,1,1
"Q14966",1,1,1
"Q8NBJ5",1,1,1
"Q8NFC6",1,1,1
"O14975",1,1,1
"P07384",1,1,1
"P22695",1,1,1
"P82970",1,1,1
"Q8N1G4",1,1,1
"Q04446",1,1,1
"O43660",1,1,1
"Q13177",1,1,1
"P50995",1,1,1
"P62701",1,1,1
"P51114",1,1,1
"Q15293",1,1,1
"Q14684",1,1,1
"Q08945",1,1,1
"P13804",1,1,1
"P63241",1,1,1
"P46777",1,1,1
"Q86U86",1,1,1
"Q9BUJ2",1,1,1
"P52907",1,1,1
"O95202",1,1,1
"Q06830",1,1,1
"Q8TDD1",1,1,1
"Q9HC35",1,1,1
"P05388",1,1,1
"Q9Y3I0",1,1,1
"P12277",1,1,1
"Q5SW79",1,1,1
"Q9H3U1",1,1,1
"O94973",1,1,1
"P23588",1,1,1
"P17174",1,1,1
"P23528",1,1,1
"P57740",1,1,1
"Q92576",1,1,1
"P49591",1,1,1
"O15355",1,1,1
"P68032",1,1,1
"O75475",1,1,1
"P30086",1,1,1
"Q92538",1,1,1
"P51116",1,1,1
"P00505",1,1,1
"Q5QJE6",1,1,1
"Q14126",1,1,1
"Q9H2P0",1,1,1
"Q8IZL8",1,1,1
"Q16576",1,1,1
"O15371",1,1,1
"Q14692",1,1,1
"P15170",1,1,1
"P13861",1,1,1
"P53992",1,1,1
"Q96AY3",1,1,1
"Q9UKV8",1,1,1
"O75400",1,1,1
"P52306",1,1,1
"Q13228",1,1,1
"Q9Y6D5",1,1,1
"P49257",1,1,1
"P05455",1,1,1
"P39748",1,1,1
"O95155",1,1,1
"Q9HCE1",1,1,1
"Q9Y277",1,1,1
"P14550",1,1,1
"O60568",1,1,1
"Q13451",1,1,1
"A0MZ66",1,1,1
"Q9NXF1",1,1,1
"Q9NVM9",1,1,1
"Q9UPU5",1,1,1
"Q9UMS4",1,1,1
"P30084",1,1,1
"P51991",1,1,1
"Q9UG63",1,1,1
"O60341",1,1,1
"Q13492",1,1,1
"Q641Q2",1,1,1
"P49189",1,1,1
"Q86TC9",1,1,1
"Q2NL82",1,1,1
"P06748",1,1,1
"Q09161",1,1,1
"Q15269",1,1,1
"P12004",1,1,1
"Q9Y4W2",1,1,1
"Q00796",1,1,1
"O94776",1,1,1
"Q7Z478",1,1,1
"Q13619",1,1,1
"P05556",1,1,1
"Q7Z417",1,1,1
"Q9BW27",1,1,1
"Q92620",1,1,1
"Q16666",1,1,1
"Q14432",1,1,1
"Q9BPX3",1,1,1
"Q68E01",1,1,1
"Q99575",1,1,1
"Q9Y223",1,1,1
"P52732",1,1,1
"Q10570",1,1,1
"Q6YN16",1,1,1
"P22087",1,1,1
"P23396",1,1,1
"P54578",1,1,1
"Q16851",1,1,1
"P11172",1,1,1
"P48634",1,1,1
"Q8WX93",1,1,1
"Q9BQ67",1,1,1
"Q13126",1,1,1
"Q9BZK7",1,1,1
"O60934",1,1,1
"Q9BTW9",1,1,1
"P04899",1,1,1
"Q9UJU6",1,1,1
"Q9Y6C9",1,1,1
"P42224",1,1,1
"P46060",1,1,1
"O75165",1,1,1
"Q96HC4",1,1,1
"O75874",1,1,1
"P35232",1,1,1
"Q15366",1,1,1
"Q8WVM8",1,1,1
"Q8WXH0",1,1,1
"Q96PZ0",1,1,1
"Q13620",1,1,1
"P60228",1,1,1
"P46459",1,1,1
"Q96HE7",1,1,1
"P16152",1,1,1
"Q13347",1,1,1
"P46087",1,1,1
"Q12873",1,1,1
"P52789",1,1,1
"Q8TAT6",1,1,1
"Q06787",1,1,1
"Q8N3C0",1,1,1
"Q9NSD9",1,1,1
"Q96G03",1,1,1
"Q00653",1,1,1
"Q96RP9",1,1,1
"P08865",1,1,1
"Q9UDY2",1,1,1
"O60832",1,1,1
"Q9NZI8",1,1,1
"Q13561",1,1,1
"Q15785",1,1,1
"P43304",1,1,1
"O43396",1,1,1
"Q8WYA6",1,1,1
"P08559",1,1,1
"P51532",1,1,1
"Q92917",1,1,1
"Q13045",1,1,1
"Q16513",1,1,1
"Q7L0Y3",1,1,1
"Q13586",1,1,1
"P30876",1,1,1
"O75122",1,1,1
"Q5BKZ1",1,1,1
"O95602",1,1,1
"Q6P996",1,1,1
"P01024",1,1,1
"Q9NZT2",1,1,1
"P23229",1,1,1
"Q6PJT7",1,1,1
"Q15019",1,1,1
"P28074",1,1,1
"Q86UE4",1,1,1
"Q99615",1,1,1
"Q9UJZ1",1,1,1
"Q12792",1,1,1
"Q9NYF8",1,1,1
"P21281",1,1,1
"P35221",1,1,1
"P12429",1,1,1
"Q9BZZ5",1,1,1
"Q3LXA3",1,1,1
"Q9NUU7",1,1,1
"Q9UHB6",1,1,1
"O15042",1,1,1
"O43815",1,1,1
"Q9UHD9",1,1,1
"P19623",1,1,1
"O43172",1,1,1
"P61163",1,1,1
"Q9HD20",1,1,1
"P62241",1,1,1
"Q6DD88",1,1,1
"Q99590",1,1,1
"Q9NVI7",1,1,1
"Q14789",1,1,1
"O95831",1,1,1
"Q6Y7W6",1,1,1
"P51858",1,1,1
"P22059",1,1,1
"Q9UI10",1,1,1
"Q16181",1,1,1
"P31942",1,1,1
"P35249",1,1,1
"Q9H4M9",1,1,1
"Q96DI7",1,1,1
"Q99536",1,1,1
"P62714",1,1,0
"Q9BUQ8",1,1,1
"P98175",1,1,1
"P62879",1,1,1
"O94874",1,1,1
"P08603",1,1,1
"Q96FV9",1,1,1
"P61158",1,1,1
"Q12768",1,1,1
"Q96ST3",1,1,1
"Q8TBC4",1,1,1
"P62495",1,1,1
"P38159",1,1,1
"P10155",1,1,1
"O75822",1,1,1
"Q00169",1,1,1
"Q9H2U2",1,1,1
"Q5JTV8",1,1,1
"Q3ZCM7",1,0,0
"Q9BVJ6",1,1,1
"Q9Y3P9",1,1,1
"P52292",1,1,1
"O60907",1,1,1
"O43399",1,1,1
"Q15811",1,1,1
"O43684",1,1,1
"P37802",1,1,1
"Q9BXJ9",1,1,1
"Q8N3D4",1,1,1
"Q9Y2A7",1,1,1
"Q9Y4E1",0,0,1
"P62333",1,1,1
"P11177",1,1,1
"Q9UK61",1,1,1
"P31350",1,1,1
"Q9UMR2",1,1,1
"P55809",1,1,1
"O14979",1,1,1
"Q13439",1,1,1
"Q9NXV6",1,1,1
"O75306",1,1,1
"O43615",1,1,1
"Q05639",1,1,1
"P23786",1,1,1
"Q9UGI8",1,1,1
"Q9UBE0",1,1,1
"P55036",1,1,1
"Q99543",1,1,1
"Q8NBS9",1,1,1
"P55010",1,1,1
"Q13136",1,1,1
"P30519",1,1,1
"Q07866",1,1,1
"P54920",1,1,1
"Q96RS6",1,1,1
"Q6L8Q7",1,1,1
"Q7Z2T5",1,1,1
"Q9NZL4",1,1,1
"Q9C0C9",1,1,1
"P21291",1,1,1
"P02533",1,1,1
"O14818",1,1,1
"O00629",1,1,1
"Q9NR09",1,1,1
"P18669",1,1,1
"Q9Y383",1,1,1
"O15084",1,1,1
"P46379",1,1,1
"P33527",1,1,1
"P28290",1,1,1
"Q15437",1,1,1
"Q96EE3",1,1,1
"Q9Y266",1,1,1
"O15226",1,1,1
"P47756",1,1,1
"Q16630",1,1,1
"Q14914",1,1,1
"P47712",1,1,1
"Q8N766",1,1,1
"Q53EL6",1,1,1
"P28066",1,1,1
"P48444",1,1,1
"Q99873",1,1,1
"P07910",1,1,1
"P00387",1,1,1
"P16989",1,1,1
"O15143",1,1,1
"Q15717",1,1,1
"O43264",1,1,1
"P67775",1,1,1
"Q14315",0,1,0
"P0DP24",1,1,1
"P0DP23",1,1,1
"P0DP25",1,1,1
"Q9GZR7",1,1,1
"O00203",1,1,1
"Q9Y6N5",1,1,1
"P15121",1,1,1
"Q9NQW7",1,1,1
"P06396",1,1,1
"P14735",1,1,1
"Q8IYB8",1,1,1
"Q12907",1,1,1
"P62820",1,1,1
"P47755",1,1,1
"Q4G0N4",1,1,1
"Q9P2I0",1,1,1
"Q8N7H5",1,1,1
"P07602",1,1,1
"P78406",1,1,1
"Q12996",1,1,1
"Q9Y446",1,1,1
"Q96T76",1,1,1
"P61221",1,1,1
"Q13162",1,1,1
"Q7L2H7",1,1,1
"O60502",1,1,1
"Q9Y696",1,1,1
"O43837",1,1,1
"O95747",1,1,1
"P43897",1,1,1
"P07339",1,1,1
"Q9H4G0",1,1,1
"Q9UHI6",1,1,1
"Q9H6R4",1,1,1
"Q14103",1,1,1
"Q9UJS0",1,1,1
"P19525",1,1,1
"Q8IWA0",1,1,1
"P32322",1,1,1
"Q92888",1,1,1
"P52788",1,1,1
"Q9UBC2",1,1,1
"Q92769",1,1,1
"P08754",1,1,1
"Q9Y512",1,1,1
"Q9H0U4",1,1,1
"Q9NYL9",1,1,1
"Q9HCC0",1,1,1
"Q8IUD2",1,1,1
"Q13617",1,1,1
"P09525",1,1,1
"Q12874",1,1,1
"Q9NW13",1,1,1
"Q9H0B6",1,1,1
"P50579",1,1,1
"Q99661",1,1,1
"P08240",1,1,1
"P30520",1,1,1
"Q2M389",1,1,1
"O75439",1,1,1
"Q9BTV4",1,1,1
"P38117",1,1,1
"Q92541",1,1,1
"Q9BS26",1,1,1
"Q01105",1,1,1
"Q7Z3K3",1,1,1
"P55735",1,1,1
"Q99567",1,1,1
"P20073",1,1,1
"Q96CW1",1,1,1
"Q96GQ7",1,1,1
"O00186",1,1,1
"O76021",1,1,1
"Q14254",1,1,1
"Q9NQR4",1,1,1
"P57678",1,1,1
"Q8WTT2",1,1,1
"Q9UMX0",1,1,1
"Q15833",1,1,1
"Q8TDN6",1,1,1
"Q14137",1,1,1
"Q9H307",1,1,1
"P49916",1,1,1
"O60306",1,1,1
"Q14257",1,1,1
"Q13596",1,1,1
"P12081",1,1,1
"P50213",1,1,1
"P11908",1,1,1
"O76003",1,1,1
"P60900",1,1,1
"Q9UKG1",1,1,1
"Q86W42",1,1,1
"Q5TFE4",1,1,1
"Q02818",1,1,1
"Q15477",1,1,1
"Q9Y3Z3",1,1,1
"Q53GS9",1,1,1
"Q15654",1,1,1
"Q08378",1,1,1
"Q9Y697",1,1,1
"Q13616",1,1,1
"P41214",1,1,1
"Q7Z5K2",1,1,1
"P09972",1,1,1
"Q9UNM6",1,1,1
"P62873",1,1,1
"O60749",1,1,1
"P14923",1,1,1
"Q15645",1,1,1
"Q9Y2Z0",1,1,1
"Q9HCS7",1,1,1
"P39687",1,1,1
"Q9Y295",1,1,1
"P55084",1,1,1
"O95340",1,1,1
"O14497",1,1,1
"O43747",1,1,1
"O43865",1,1,1
"P09622",1,1,1
"Q5T1M5",1,1,1
"Q9H7D0",1,1,1
"Q32P51",0,0,0
"Q12904",1,1,1
"P51531",1,1,1
"O60701",1,1,1
"P40222",1,1,1
"Q9UH65",1,1,1
"Q9Y285",1,1,1
"P78316",1,1,1
"Q9Y6K5",1,1,1
"Q9NTZ6",1,1,1
"P54819",1,1,1
"Q8TC07",1,1,1
"O15357",1,1,1
"P15880",1,1,1
"Q15061",1,1,1
"Q14677",1,1,1
"Q32P28",1,1,1
"Q09028",1,1,1
"Q13547",1,1,1
"P09110",1,1,1
"Q96CS3",1,1,1
"Q9Y4X5",1,1,1
"Q15691",1,1,1
"Q8IY67",1,1,1
"P08621",1,1,1
"P61106",1,1,1
"Q9P265",1,1,1
"Q8TD19",1,1,1
"P13807",1,1,1
"P40937",1,1,1
"O60231",1,1,1
"Q9NTJ5",1,1,1
"Q9Y2W2",1,1,1
"Q8N3X1",1,1,1
"Q06124",1,1,1
"P34896",1,1,1
"P56199",1,1,1
"P13674",1,1,1
"Q99623",1,1,1
"P25787",1,1,1
"O00534",1,1,1
"P35250",1,1,1
"P30044",1,1,1
"Q9UHD1",1,1,1
"P18031",1,1,1
"P60891",1,1,1
"P61011",1,1,1
"O14929",1,1,1
"P18615",1,1,1
"Q99497",1,1,1
"Q15003",1,1,1
"Q02878",1,1,1
"P49005",1,1,1
"P22392",1,1,0
"Q13148",1,1,1
"Q8NB90",1,1,1
"Q9Y4B6",1,1,1
"P54652",0,0,0
"P30154",1,1,1
"Q96BP3",1,1,1
"Q13123",1,1,1
"P10253",1,1,1
"Q86TU7",1,1,1
"Q16643",1,1,1
"Q7KZI7",1,1,1
"Q04917",1,1,1
"Q14671",1,1,1
"Q9UKX7",1,1,1
"Q96T37",1,1,1
"Q9NTK5",1,1,1
"P05387",1,1,1
"Q16222",1,1,1
"Q9BWF3",1,1,1
"O43159",1,1,1
"Q96PC5",1,1,1
"Q99733",1,1,1
"Q6PIU2",1,1,1
"P54105",1,1,1
"P53634",1,1,1
"Q04726",1,1,1
"P98082",1,1,1
"Q9H6Z4",1,1,1
"P43034",1,1,1
"P48163",1,1,1
"P46782",1,1,1
"P31689",1,1,1
"Q07960",1,1,1
"P33316",1,1,1
"Q8WVV9",1,1,1
"O95861",1,1,1
"Q96A33",1,1,1
"Q13823",1,1,1
"Q9Y6D9",1,1,1
"Q9UBU9",1,1,1
"P24534",1,1,1
"Q92905",1,1,1
"Q92466",1,1,1
"Q96SI9",1,1,1
"Q9BXS5",1,1,1
"P35520",1,1,1
"P0DN79",1,1,1
"Q05682",1,1,1
"A1L0T0",1,1,1
"Q5T6F2",1,1,1
"Q9Y5J1",1,1,1
"Q13098",1,1,1
"Q6WKZ4",1,1,1
"O43432",1,1,1
"P01891",0,0,0
"Q9UBF2",1,1,1
"Q9GZS3",1,1,1
"Q5SSJ5",1,1,1
"P62424",1,1,1
"O95232",1,1,1
"Q9Y4A5",1,1,1
"P20839",1,1,1
"Q9H7Z7",1,1,1
"O60684",1,1,1
"O75152",1,1,1
"Q9NXH9",1,1,1
"Q06323",1,1,1
"Q5T9A4",1,1,1
"Q9NUQ9",1,1,1
"Q9UBQ7",1,1,1
"Q96JM3",1,1,1
"P25685",1,1,1
"Q96E39",1,1,1
"Q9H0D6",1,1,1
"P08174",1,1,1
"P00390",1,1,1
"Q8IVF2",1,1,1
"Q13724",1,1,1
"Q9Y6D6",1,1,1
"Q6NZY4",1,1,1
"Q9BZE1",1,1,1
"Q9Y281",1,1,1
"Q9NQC3",1,1,1
"Q96IR7",1,1,1
"Q9UHG3",1,1,1
"Q9Y4P3",1,1,1
"Q9UKF6",1,1,1
"Q5M775",1,1,1
"O95336",1,1,1
"Q8NE86",1,1,1
"Q93052",1,1,1
"Q52LJ0",1,1,1
"Q9GZL7",1,1,1
"P56537",1,1,1
"P63151",1,1,1
"Q9H6T3",1,1,1
"P50402",1,1,1
"O95376",1,1,1
"Q9Y2B0",1,1,1
"P49821",1,1,1
"P30050",1,1,1
"O00303",1,1,1
"Q9Y5M8",1,1,1
"Q15067",1,1,1
"Q6IA86",1,1,1
"P29317",1,1,1
"Q9UPN9",1,1,1
"P51149",1,1,1
"Q9UJX3",1,1,1
"Q7Z2K6",1,1,1
"Q9Y305",1,1,1
"O75351",1,1,1
"O00764",1,1,1
"P51570",1,1,1
"P55209",1,1,1
"Q8WXI9",1,1,1
"O60884",1,1,1
"Q13485",1,1,1
"O14744",1,1,1
"P67936",1,1,1
"O60825",1,1,1
"P31947",1,1,1
"O43395",1,1,1
"Q15008",1,1,1
"Q9H078",1,1,1
"P19105",1,1,1
"O14950",1,1,1
"O75821",1,1,1
"O75521",1,1,1
"Q9NUQ3",1,1,1
"Q8WVM7",1,1,1
"Q9NQX3",1,1,1
"Q6UWE0",1,1,1
"Q13409",1,1,1
"P10768",1,1,1
"Q9NR45",1,1,1
"Q9H2M9",1,1,1
"Q8N6H7",1,1,1
"P05141",1,1,1
"Q9NRR5",1,1,1
"Q9HCK8",1,1,1
"Q9H9B1",1,1,1
"Q9BY77",1,1,1
"Q9Y570",1,1,1
"Q9UIQ6",1,1,1
"P07737",1,1,1
"P30419",1,1,1
"Q08257",1,1,1
"Q9NVI1",1,1,1
"Q9BZH6",1,1,1
"Q8TBB5",1,1,1
"Q6NUM9",1,1,1
"O43823",1,1,1
"Q96T51",1,1,1
"Q9UNZ2",1,1,1
"P06493",1,1,1
"Q9C0D5",1,1,1
"O75131",1,1,1
"Q13618",1,1,1
"Q96I99",1,1,1
"P23193",1,1,1
"Q13011",1,1,1
"Q1ED39",1,1,1
"P30043",1,1,1
"Q6P158",1,1,1
"Q7Z6E9",1,1,1
"P35613",1,1,1
"Q07955",1,1,1
"P61289",1,1,1
"Q8NB16",1,1,1
"Q9Y6I4",1,1,1
"O15381",1,1,1
"Q6PD62",1,1,1
"Q06203",1,1,1
"P17480",1,1,1
"Q9BYG3",1,1,1
"Q14160",1,1,1
"Q9Y224",1,1,1
"P42695",1,1,1
"P19174",1,1,1
"Q8N543",1,1,1
"P61981",1,1,1
"Q14651",1,1,1
"Q8NF37",1,1,1
"P25786",1,1,1
"Q70J99",1,1,1
"Q9Y6G9",1,1,1
"P49711",1,1,1
"Q9Y6W3",1,1,1
"O76031",1,1,1
"P21266",1,1,1
"Q05048",1,1,1
"Q9UN86",1,1,1
"Q9BXW7",1,1,1
"P43121",1,1,1
"P28482",1,1,1
"Q71RC2",1,1,1
"Q14558",1,1,1
"P12236",1,1,1
"Q01085",1,1,1
"P00568",1,1,1
"Q8NFQ8",1,1,1
"Q13464",1,1,1
"P80303",1,1,1
"P25789",1,1,1
"Q9HB07",1,1,1
"Q9P287",1,1,1
"Q96CW5",1,1,1
"Q96FW1",1,1,1
"Q16698",1,1,1
"P27448",1,1,1
"P27635",1,1,1
"P61160",1,1,1
"Q92925",1,1,1
"Q9Y606",1,1,1
"P62906",1,1,1
"Q14244",1,1,1
"Q9NR46",1,1,1
"Q6UXN9",1,1,1
"A3KMH1",1,1,1
"P53582",1,1,1
"P42858",1,1,1
"Q14134",1,1,1
"Q9NV06",1,1,1
"Q9BQ04",1,1,1
"Q04206",1,1,1
"Q9UM54",1,1,1
"P18124",1,1,1
"P36507",1,1,1
"O60678",1,1,1
"O60343",1,1,1
"Q9UL46",1,1,1
"O00541",1,1,1
"P32119",1,1,1
"Q8TDI0",0,1,0
"Q9NR12",1,1,1
"P12955",1,1,1
"Q96EB6",1,1,1
"O00566",1,1,1
"Q92896",1,1,1
"Q96SB4",1,1,1
"Q8N8A6",1,1,1
"Q9NYH9",1,1,1
"Q9NUQ8",1,1,1
"P26368",1,1,1
"O14745",1,1,1
"P07203",1,1,1
"P61764",1,1,1
"P46926",1,1,1
"Q96JJ7",1,1,1
"Q9Y450",1,1,1
"P40925",1,1,1
"O95816",1,1,1
"Q96D46",1,1,1
"P05362",1,1,1
"Q13206",1,1,1
"Q9UBS4",1,1,1
"Q14527",1,1,1
"Q8N684",1,1,1
"P42892",1,1,1
"Q8IWX8",1,1,1
"O60256",1,1,1
"Q8N9T8",1,1,1
"P41743",1,1,1
"Q9BWM7",1,1,1
"Q96JH7",1,1,1
"O75390",1,1,1
"O14646",1,1,1
"A5A3E0",0,0,1
"Q5VTR2",1,1,1
"Q6WCQ1",1,1,1
"Q02750",1,1,1
"O75150",1,1,1
"Q5VZK9",1,1,1
"P15531",1,1,1
"P61019",1,1,1
"Q9H4A3",1,1,1
"Q15648",1,1,1
"Q9NY27",1,1,1
"Q15758",1,1,1
"Q14181",1,1,1
"P68400",1,1,1
"P09429",1,1,1
"O95394",1,1,1
"Q7Z460",1,1,1
"Q9UPT8",1,1,1
"Q99933",1,1,1
"O15397",1,1,1
"P25398",1,1,1
"Q96EK5",1,1,1
"Q9BQA1",1,1,1
"Q9H3P7",1,1,1
"Q5T3I0",1,1,1
"O75746",1,1,1
"Q6ZRP7",1,1,1
"O15160",1,1,1
"P30040",1,1,1
"P40121",1,1,1
"Q6P1M0",1,1,1
"Q14192",1,1,1
"Q9BTT0",1,1,1
"Q5JTZ9",1,1,1
"Q14444",1,1,1
"P00492",1,1,1
"Q9BYT8",1,1,1
"Q14141",1,1,1
"Q13185",1,1,1
"Q8NCW5",1,1,1
"Q9H9T3",1,1,1
"O94905",1,1,1
"O00170",1,1,1
"Q9ULV4",1,1,1
"P51784",1,1,1
"Q6IBS0",1,1,1
"P49720",1,1,1
"Q14CX7",1,1,1
"P06865",1,1,1
"P28288",1,1,1
"Q7LBC6",1,1,1
"Q7L1Q6",1,1,1
"P12235",1,1,1
"P52294",1,1,1
"Q14165",1,1,1
"Q9P275",1,1,1
"Q9H8H0",1,1,1
"P07686",1,1,1
"Q6R327",1,1,1
"P21127",1,1,1
"P30085",1,1,1
"P05386",1,1,1
"Q9Y3A5",1,1,1
"Q6RFH5",1,1,1
"Q6PI48",1,1,1
"Q99700",1,1,1
"Q15435",1,1,1
"Q9Y4G6",1,1,1
"Q5JWF2",1,1,1
"P63092",1,1,1
"O60563",1,1,1
"Q9NY93",1,1,1
"Q15907",1,1,1
"Q5R3I4",1,1,1
"P33240",1,1,1
"P16278",1,1,1
"Q96S52",1,1,1
"P13798",1,1,1
"O60879",1,1,1
"Q86TX2",1,1,1
"P50552",1,1,1
"P37198",1,1,1
"O95487",1,1,1
"P35637",1,1,1
"Q9H6S3",1,1,1
"P41240",1,1,1
"P18621",1,1,1
"Q13573",1,1,1
"Q96C86",1,1,1
"O14981",1,1,1
"O75489",1,1,1
"Q9UBV2",1,1,1
"P09543",1,1,1
"P37837",1,1,1
"P04150",1,1,1
"O95218",1,1,1
"P48047",1,1,1
"P82933",1,1,1
"P35659",1,1,1
"P51148",1,1,1
"P49642",1,1,1
"P52735",1,1,1
"O95453",1,1,1
"Q9NQG5",1,1,1
"O75832",1,1,1
"P20618",1,1,1
"P62979",1,1,1
"Q9P0V9",1,1,1
"Q53H12",1,1,1
"Q9Y6Y8",1,1,1
"Q86VM9",1,1,1
"P30837",1,1,1
"P20290",1,1,1
"Q66K74",1,1,1
"Q13418",1,1,1
"Q9H0S4",1,1,1
"O60547",1,1,1
"Q969X6",1,1,1
"Q9BRJ2",1,1,1
"Q12830",1,1,1
"O95834",1,1,1
"P61964",1,1,1
"P48739",1,1,1
"Q76FK4",1,1,1
"P29590",1,1,1
"Q4G0J3",1,1,1
"Q7Z6M1",1,1,1
"P40938",1,1,1
"Q9NR50",1,1,1
"Q96GK7",1,1,1
"Q9NZL9",1,1,1
"Q9HCU5",1,1,1
"Q9H3S7",1,1,1
"Q9BV38",1,1,1
"P23258",1,1,1
"P11047",1,1,1
"Q9H9B4",1,1,1
"Q9C0B1",1,1,1
"Q7Z5L9",1,1,1
"O60361",1,1,1
"P08648",1,1,1
"Q9Y6E0",1,1,1
"O95817",1,1,1
"Q9Y5K5",1,1,1
"Q07666",1,1,1
"P53041",1,1,1
"Q9Y2H6",1,1,1
"Q69YN4",1,1,1
"Q16204",1,1,1
"Q8TF05",1,1,1
"P62280",1,1,1
"Q96P48",1,1,1
"Q16795",1,1,1
"O15213",1,1,1
"Q8TED0",1,1,1
"Q9Y6M5",1,1,1
"Q14847",1,1,1
"Q13895",1,1,1
"O94855",1,1,1
"O60518",1,1,1
"P42566",1,1,1
"P61201",1,1,1
"O43148",1,1,1
"Q9UI26",1,1,1
"Q13151",1,1,1
"Q9H223",1,1,1
"Q2TAY7",1,1,1
"Q01433",1,1,1
"P08708",1,1,1
"Q96Q11",1,1,1
"P04792",1,1,1
"Q13057",1,1,1
"P22830",1,1,1
"O75312",1,1,1
"Q49A26",1,1,1
"P27105",1,1,1
"Q13330",1,1,1
"Q8IZ73",1,1,1
"Q14738",1,1,1
"P42025",1,1,1
"Q9UNH7",1,1,1
"Q9UBB9",1,1,1
"Q96JB5",1,1,1
"P28070",1,1,1
"P54289",1,1,1
"Q9H089",1,1,1
"P53701",1,1,1
"Q96EY7",1,1,1
"Q9H2J7",1,1,1
"Q5JSZ5",1,1,1
"Q3ZCQ8",1,1,1
"P30533",1,1,1
"Q13155",1,1,1
"P23284",1,1,1
"Q9H501",1,1,1
"Q9BWD1",1,1,1
"Q14118",1,1,1
"Q9UL15",1,1,1
"Q9ULT8",1,1,1
"Q10713",1,1,1
"Q9BYJ9",1,1,0
"P52594",1,1,1
"P49959",1,1,1
"O00273",1,1,1
"O00625",1,1,1
"Q6XQN6",1,1,1
"P17252",1,1,1
"Q5VT79",0,1,0
"P55039",1,1,1
"P48735",1,1,1
"Q86SF2",1,1,1
"Q9Y5A9",1,1,1
"P23368",1,1,1
"P47985",1,1,1
"Q14669",1,1,1
"P04632",1,1,1
"Q15057",1,1,1
"Q9NNW7",1,1,1
"O00154",1,1,1
"Q5JVF3",1,1,1
"Q8WW12",1,1,1
"P51692",1,1,1
"Q9NX63",1,1,1
"Q96B97",1,1,1
"P40818",1,1,1
"Q9Y4H2",1,1,1
"O00178",1,1,1
"Q6NUQ4",1,1,1
"O14579",1,1,1
"Q96A65",1,1,1
"P39656",1,1,1
"Q9H6Y2",1,1,1
"Q15007",1,1,1
"O00139",1,1,1
"Q99805",1,1,1
"O00151",1,1,1
"Q6IN85",1,1,1
"P16070",1,1,1
"P62829",1,1,1
"O75592",1,1,1
"Q9NYB0",1,1,1
"Q6P1N0",1,1,1
"P49757",1,1,1
"P24941",1,1,1
"P51553",1,1,1
"P57772",1,1,1
"Q8WX92",1,1,1
"O14908",1,1,1
"Q99570",1,1,1
"P22307",1,1,1
"Q9UNS2",1,1,1
"Q8IXI1",1,1,1
"P45973",1,1,1
"Q07021",1,1,1
"Q92879",1,1,1
"P83916",1,1,1
"Q02978",1,1,1
"Q96GM8",1,1,1
"Q9UJ83",1,1,1
"P06756",1,1,1
"Q14694",1,1,1
"Q9H9P8",1,1,1
"Q9P289",1,1,1
"P10398",1,1,1
"Q13501",1,1,1
"P78330",1,1,1
"Q9BQ69",1,1,1
"Q92552",1,1,1
"O75607",1,1,1
"P24666",1,1,1
"Q9NQ29",1,1,1
"Q86X55",1,1,1
"Q5RKV6",1,1,1
"Q15031",1,1,1
"P25788",1,1,1
"Q96AG4",1,1,1
"Q9UJA5",1,1,1
"Q14241",1,1,1
"P50502",1,1,1
"Q13144",1,1,1
"Q9Y5K6",1,1,1
"Q14978",1,1,1
"P08779",1,1,1
"O60826",1,1,1
"P31483",1,1,1
"P08581",1,1,1
"Q96KQ7",1,1,1
"Q9UKM9",1,1,1
"Q96JJ3",1,1,1
"Q9H6F5",1,1,1
"O60443",1,1,1
"P32969",1,1,1
"Q96G46",1,1,1
"Q6P1N9",1,1,1
"P84077",1,1,1
"Q96A49",1,1,1
"P15559",1,1,1
"Q9UNF0",1,1,1
"O96019",1,1,1
"P50452",1,1,1
"Q13630",1,1,1
"Q8N6T3",1,1,1
"Q14232",1,1,1
"Q9H9Y6",1,1,1
"Q13769",1,1,1
"Q15059",1,1,1
"Q15637",1,1,1
"Q9NVS9",1,1,1
"P51665",1,1,1
"P36915",1,1,1
"O75146",1,1,1
"P48960",1,1,1
"Q9HCD5",1,1,1
"Q9Y6E2",1,1,1
"Q9Y2Z4",1,1,1
"P27361",1,1,1
"O75376",1,1,1
"Q9H8H2",1,1,1
"Q969Z0",1,1,1
"P41227",1,1,1
"Q969S3",1,1,1
"Q9HAV0",1,1,1
"Q92597",1,1,1
"P53597",1,1,1
"O95292",1,1,1
"Q15942",1,1,1
"O96005",1,1,1
"Q5TDH0",1,1,1
"P35270",1,1,1
"P61026",1,1,1
"P24539",1,1,1
"Q99614",1,1,1
"P49643",1,1,1
"Q14318",1,1,1
"P09661",1,1,1
"Q15042",1,1,1
"O94925",1,1,1
"Q969G3",1,1,1
"P51648",1,1,1
"P19784",1,1,1
"Q96F86",1,1,1
"P37235",1,1,1
"Q7Z3B4",1,1,1
"P09382",1,1,1
"P62917",1,1,1
"P34949",1,1,1
"P35269",1,1,1
"Q9BQ87",1,1,1
"Q9UPN7",1,1,1
"Q13564",1,1,1
"P11217",1,0,0
"O15446",1,1,1
"P51572",1,1,1
"Q0VDF9",1,1,1
"Q8IWS0",1,1,1
"Q12972",1,1,1
"O75436",1,1,1
"Q9H0P0",1,1,1
"Q9NZ08",1,1,1
"P11766",1,1,1
"Q9BQ39",1,1,1
"P23919",1,1,1
"Q8WXG6",1,1,1
"Q96EP5",1,1,1
"Q96KG9",1,1,1
"Q9GZR2",1,1,1
"P62753",1,1,1
"Q9NVX2",1,1,1
"O60645",1,1,1
"Q7Z739",1,1,1
"O95352",1,1,1
"Q13523",1,1,1
"Q9Y5X3",1,1,1
"Q9NPQ8",1,1,1
"Q13555",1,1,1
"Q96KB5",1,1,1
"Q9BXW9",1,1,1
"O60282",1,0,0
"Q9UNF1",1,1,1
"P62316",1,1,1
"P46108",1,1,1
"P33897",1,1,1
"Q8WXX5",1,1,1
"O43237",1,1,1
"Q92804",1,1,1
"O60508",1,1,1
"P62491",1,0,0
"O00592",1,1,1
"Q9NYV4",1,1,1
"O94822",1,1,1
"P07741",1,1,1
"Q9Y315",1,1,1
"Q9Y2T2",1,1,1
"O95758",1,1,1
"P04181",1,1,1
"Q8IXH7",1,1,1
"P50748",1,1,1
"Q92887",1,1,1
"Q92544",1,1,1
"Q00325",1,1,1
"Q9NW82",1,1,1
"Q8WU90",1,1,1
"Q9NRG9",1,1,1
"O95486",1,1,1
"Q9UBL3",1,1,1
"Q96S55",1,1,1
"Q53EP0",1,1,1
"O75530",1,1,1
"Q9NXG2",1,1,1
"Q9HAU5",1,1,1
"Q9BRP8",1,1,1
"P48637",1,1,1
"P61224",1,1,1
"Q9Y314",1,1,1
"Q96ER9",1,1,1
"Q7Z333",1,1,1
"Q15599",1,1,1
"O14672",1,1,1
"Q9GZZ1",1,1,1
"Q96BN8",1,1,1
"P48382",1,1,1
"Q69YN2",1,1,1
"Q8NBJ7",1,1,1
"Q13042",1,1,1
"P04818",1,1,1
"Q86YP4",1,1,1
"Q7L2J0",1,1,1
"Q96P11",1,1,1
"Q8IXT5",1,1,1
"O75027",1,1,1
"P36551",1,1,1
"O15382",1,1,1
"Q92688",1,1,1
"P48506",1,1,1
"Q02127",1,1,1
"Q06265",1,1,1
"Q96L92",1,1,1
"Q8N806",1,1,1
"Q96C24",1,1,1
"Q8TC12",1,1,1
"P78318",1,1,1
"Q15050",1,1,1
"Q8IWV7",1,1,1
"Q9NRZ9",1,1,1
"Q92979",1,1,1
"Q9BXS6",1,1,1
"Q7Z406",0,0,0
"Q15056",1,1,1
"Q6UW63",1,1,1
"Q5VZE5",1,1,1
"Q99961",1,1,1
"P07951",1,1,0
"Q99436",1,1,1
"Q12849",1,1,1
"P62995",1,1,1
"Q8TDX7",1,1,1
"Q04837",1,1,1
"O75844",1,1,1
"Q9UBB4",1,1,1
"Q96HN2",1,1,1
"Q00688",1,1,1
"Q9C0E2",1,1,1
"Q99848",1,1,1
"Q6PJG6",1,1,1
"Q6NVY1",1,1,1
"P41567",1,1,1
"Q9UL03",1,1,1
"Q9Y376",1,1,1
"Q9UGV2",1,1,1
"Q8N1G2",1,1,1
"O14802",1,1,1
"P54727",1,1,1
"P85037",1,1,1
"Q96SU4",1,1,1
"Q9NRF8",1,1,1
"O75947",1,1,1
"Q96DG6",1,1,1
"Q8N122",1,1,1
"Q9Y2K7",1,1,1
"Q14202",1,1,1
"Q8NCA5",1,1,1
"Q9H9J2",1,1,1
"O43681",1,1,1
"Q8IY37",1,1,1
"Q53HC9",1,1,1
"O75815",1,1,1
"Q01844",1,1,1
"P04179",1,1,1
"Q9ULA0",1,1,1
"Q96SK2",1,1,1
"Q9H6S0",1,1,1
"Q8NCN5",1,1,1
"Q14344",1,1,1
"P50542",1,1,1
"Q86X76",1,1,1
"Q9H788",1,1,1
"P07099",1,1,1
"Q7Z4Q2",1,1,1
"Q96IU4",1,1,1
"P09417",1,1,1
"A6NDG6",1,1,1
"Q8WVB6",1,1,1
"P38432",1,1,1
"Q86V21",1,1,1
"Q6FI81",1,1,1
"P52565",1,1,1
"Q5T8P6",1,1,1
"Q14696",1,1,1
"Q16543",1,1,1
"P46736",1,1,1
"Q9Y5X1",1,1,1
"Q9UHD2",1,1,1
"P31937",1,1,1
"E9PAV3",1,1,1
"Q13765",1,1,1
"Q9ULX6",1,1,1
"Q86V81",1,1,1
"O00193",1,1,1
"P20339",1,1,1
"Q93096",1,1,1
"O15372",1,1,1
"Q99986",1,1,1
"Q9NYK5",1,1,1
"P37108",1,1,1
"Q9P035",1,1,1
"Q14562",1,1,1
"O75934",1,1,1
"Q9P0L0",1,1,1
"Q15005",1,1,1
"Q9NRY5",1,1,1
"Q12913",1,1,1
"P26440",1,1,1
"Q9NX58",1,1,1
"Q96EK6",1,1,1
"P48729",1,1,1
"Q8TCJ2",1,1,1
"Q08170",1,1,1
"P61586",1,1,1
"P57737",1,1,1
"Q00403",1,1,1
"Q9UPQ9",1,1,1
"O60427",1,1,1
"Q9H967",1,1,1
"Q92615",1,1,1
"P11310",1,1,1
"Q9BV44",1,1,1
"P62826",1,1,1
"Q96HS1",1,1,1
"P78417",1,1,1
"Q3YEC7",1,1,1
"O75718",1,1,1
"Q03405",1,1,1
"Q7Z4V5",1,1,1
"Q12805",1,1,1
"P17612",1,1,1
"Q9BVI4",1,1,1
"Q9NUJ1",1,1,1
"P56545",1,1,1
"Q9Y2S7",1,1,1
"Q53H82",1,1,1
"P15328",1,1,1
"Q7L5N1",1,1,1
"P63208",1,1,1
"Q9H0L4",1,1,1
"Q03518",1,1,1
"Q15185",1,1,1
"Q06546",1,1,1
"P42696",1,1,1
"P14324",1,1,1
"O43818",1,1,1
"Q9Y2R9",1,1,1
"P13995",1,1,1
"Q14376",1,1,1
"Q15024",1,1,1
"Q15257",1,1,1
"Q8NFH5",1,1,1
"Q9HD45",1,1,1
"Q15813",1,1,1
"P19838",1,1,1
"P13928",0,0,1
"Q92665",1,1,1
"Q13111",1,1,1
"P22061",1,1,1
"Q99439",1,1,1
"P60660",1,1,1
"P14384",1,1,1
"P11532",1,1,1
"P00374",1,1,1
"Q05397",1,1,1
"Q16629",1,1,1
"Q96RE7",1,1,1
"O75208",1,1,1
"O60885",1,1,1
"O95833",1,1,1
"P10515",1,1,1
"P10644",1,1,1
"Q14997",1,1,1
"Q9UBX3",1,1,1
"Q15738",1,1,1
"O15144",1,1,1
"Q99729",1,1,1
"Q9NVU0",1,1,1
"P51003",1,1,1
"Q92783",1,1,1
"P82979",1,1,1
"P52564",1,1,1
"O60524",1,1,1
"Q9ULU4",1,1,1
"P46937",1,1,1
"P49023",1,1,1
"Q8IYI6",1,1,1
"Q9P2B2",1,1,1
"Q9Y3T9",1,1,1
"Q9BTE6",1,1,1
"P29466",1,1,1
"P06454",1,1,1
"Q13247",1,1,1
"Q92805",1,1,1
"O94901",1,1,1
"Q04323",1,1,1
"P40261",1,1,1
"P62805",1,1,1
"Q92522",1,1,1
"O43583",1,1,1
"Q05519",1,1,1
"P13693",1,1,1
"O95819",1,1,1
"P11802",1,1,1
"O60566",1,1,1
"Q8WUD1",1,0,1
"O14936",1,1,1
"Q96TC7",1,1,1
"Q9BTX1",1,1,1
"Q9BU89",1,1,1
"Q9UNE7",1,1,1
"P82663",1,1,1
"P30260",1,1,1
"Q9P2R7",1,1,1
"Q9NQT5",1,1,1
"Q9Y5S9",1,1,1
"Q01469",1,1,1
"Q92667",1,1,1
"P15374",1,1,1
"Q96CT7",1,1,1
"Q92890",1,1,1
"Q6UN15",1,1,1
"P15291",1,1,1
"P84085",1,1,1
"P18887",1,1,1
"P40855",1,1,1
"P46783",1,1,1
"P0DMN0",1,1,1
"P0DMM9",1,1,1
"O95391",1,1,1
"Q86U44",1,1,1
"P67870",1,1,1
"Q9UK59",1,1,1
"Q9Y3A4",1,1,1
"Q9H9A6",1,1,1
"Q5F1R6",1,1,1
"Q9Y2Q3",1,1,1
"Q9GZP4",1,1,1
"Q9UKJ3",1,1,1
"O43493",1,1,1
"Q9NP81",1,1,1
"Q92599",1,1,1
"Q7Z7K6",1,1,1
"Q9BRX5",1,1,1
"P25325",1,1,1
"O43765",1,1,1
"P60981",1,1,1
"O00461",1,1,1
"Q14155",1,1,1
"P18085",1,1,1
"Q9H1E3",1,1,1
"Q9H8Y5",1,1,1
"P23497",1,1,1
"Q9NQ55",1,1,1
"Q96QD8",1,1,1
"Q9GZZ9",1,1,1
"Q14320",1,1,1
"Q9UJ70",1,1,1
"Q8WWY3",1,1,1
"Q6P2I3",0,0,0
"Q02241",1,1,1
"Q15386",1,1,1
"Q9H910",1,1,1
"Q9H488",1,1,1
"Q9Y4C8",1,1,1
"Q5VYS8",1,1,1
"O95785",1,1,1
"Q9Y3B7",1,1,1
"Q8NCG7",1,1,1
"Q13214",1,1,1
"O96008",1,1,1
"P84095",1,1,1
"P46109",1,1,1
"P46934",1,1,1
"Q5GLZ8",1,1,1
"P49903",1,1,1
"Q96P16",1,1,1
"Q9P2N5",1,1,1
"P22033",1,1,1
"P63096",1,1,1
"P28799",1,1,1
"Q6I9Y2",1,1,1
"Q13636",1,1,1
"Q86VN1",1,1,1
"Q8NBQ5",1,1,1
"Q9UHL4",1,1,1
"O15173",1,1,1
"P61020",1,1,1
"Q9BW19",1,1,1
"O43252",1,1,1
"O15305",1,1,1
"Q14146",1,1,1
"Q13868",1,1,1
"P50336",1,1,1
"Q8NBU5",1,1,1
"P17931",1,1,1
"P29508",1,1,1
"P10909",1,1,1
"P52569",1,1,1
"Q8ND56",1,1,1
"Q16836",1,1,1
"P09493",1,1,1
"Q5T5Y3",1,1,1
"Q86X29",1,1,1
"O75818",1,1,1
"P36542",1,1,1
"Q8TDQ7",1,0,1
"P60510",1,1,1
"Q53LP3",1,1,1
"Q9H1B7",1,1,1
"P35354",1,1,1
"Q32P41",1,1,1
"Q96QC0",1,1,1
"P56945",1,1,1
"O75396",1,1,1
"Q9H7B2",1,1,1
"Q9NPD3",1,1,1
"Q9H074",1,1,1
"Q9NS69",1,1,1
"Q9Y5B6",1,1,1
"P30566",1,1,1
"Q15796",1,1,1
"Q9BZG1",1,1,1
"Q13443",1,1,1
"Q9NX46",1,1,1
"Q9UKL0",1,1,1
"P26006",1,1,1
"Q8NDH3",1,1,1
"Q92796",1,1,1
"Q9NUL3",1,1,1
"Q9NY61",1,1,1
"P62834",1,1,1
"P61086",1,1,1
"P55081",1,1,1
"P16083",1,1,1
"Q9H9A5",1,1,1
"Q9UDY4",1,1,1
"O43488",1,1,1
"Q00535",1,1,1
"Q08499",1,1,1
"P19387",1,1,1
"Q9UKK9",1,1,1
"Q9H3P2",1,1,1
"Q96HY6",1,1,1
"O00505",1,1,1
"Q9BX40",1,1,1
"Q9UFC0",1,1,1
"Q969N2",1,1,1
"Q9BRA2",1,1,1
"Q15369",1,1,1
"Q9UID3",1,1,1
"O43795",1,1,1
"Q9NRL2",1,1,1
"Q13112",1,1,1
"Q9UBK8",1,1,1
"Q96I25",1,1,1
"Q9NR19",1,1,1
"Q96C19",1,1,1
"P11171",1,1,1
"Q9BUI4",1,1,1
"Q8NBN7",1,1,1
"P01130",1,1,1
"P22694",1,1,1
"Q05086",1,1,1
"O00487",1,1,1
"P78563",1,1,1
"Q04760",1,1,1
"Q8NEJ9",1,1,1
"Q9UI12",1,1,1
"P78346",1,1,1
"Q9BYX7",0,0,0
"P26583",1,1,1
"Q9H0C8",1,1,1
"Q9BSH4",1,1,1
"P08134",1,1,0
"Q9UIJ7",1,1,1
"Q08380",1,1,1
"P0DPI2",1,1,1
"A0A0B4J2D5",1,1,1
"Q86U38",1,1,1
"P08069",1,1,1
"P18084",1,1,1
"Q8IYB3",1,1,1
"Q9Y316",1,1,1
"Q9BW92",1,1,1
"Q9UNI6",1,1,1
"P07858",1,1,1
"Q9HDC9",1,1,1
"P06280",1,1,1
"P43487",1,1,1
"O43447",1,1,1
"Q99471",1,1,1
"P42226",1,1,1
"Q96RQ3",1,1,1
"P82673",1,1,1
"Q9BVC4",1,1,1
"Q99829",1,1,1
"Q05209",1,1,1
"Q9HC52",1,1,1
"P35610",1,1,1
"Q15291",1,1,1
"P84103",1,1,1
"Q12986",1,1,1
"Q9H267",1,1,1
"Q9UHQ9",1,1,1
"O60293",1,1,1
"P49773",1,1,1
"Q562R1",0,0,0
"Q86XZ4",1,1,1
"Q9BUP3",1,1,1
"Q9UNP9",1,1,1
"Q5VZ89",1,1,1
"O14964",1,1,1
"O14647",1,1,1
"O00468",1,1,1
"Q86TI2",1,1,1
"O00233",1,1,1
"Q9NWT1",1,1,1
"P62263",1,1,1
"P62269",1,1,1
"Q9UNN5",1,1,1
"Q9Y2R4",1,1,1
"Q9ULX3",1,1,1
"O60739",1,1,1
"Q9H410",1,1,1
"P51398",1,1,1
"P53004",1,1,1
"Q9Y4P1",1,1,1
"P60953",1,1,1
"Q96M27",1,1,1
"Q9UKY7",1,1,1
"P62318",1,1,1
"Q9UNQ2",1,1,1
"Q02952",1,1,1
"Q9NVU7",1,1,1
"P07205",0,1,1
"Q32P44",1,1,1
"Q6P1J9",1,1,1
"Q6P3X3",1,1,1
"P49354",1,1,1
"O43504",1,1,1
"O14828",1,1,1
"P36957",1,1,1
"Q9ULW0",1,1,1
"P06132",1,1,1
"O75223",1,1,1
"Q9BWU0",1,1,1
"Q9HAV7",1,1,1
"Q9H9Y2",1,1,1
"Q86XL3",1,1,1
"P15586",1,1,1
"P62910",1,1,1
"Q9NYY8",1,1,1
"P29218",1,1,1
"O60504",1,1,1
"Q9H0H5",1,1,1
"Q8WUA4",1,1,1
"P00734",1,1,1
"Q9H7N4",1,1,1
"P61353",1,1,1
"P61088",1,1,1
"O15270",1,1,1
"Q9H936",1,1,1
"Q7L592",1,1,1
"P82650",1,1,1
"Q04721",1,1,1
"Q9H0W9",1,1,1
"Q9BZJ0",1,1,1
"P21283",1,1,1
"P61923",1,1,1
"Q13572",1,1,1
"P53367",1,1,1
"Q92747",1,1,1
"O15344",1,1,1
"Q96EY8",1,1,1
"Q9BY32",1,1,1
"Q9NV70",1,1,1
"Q92930",1,1,1
"Q9NQA3",1,1,1
"Q12800",1,1,1
"Q8NBF2",1,1,1
"Q9P260",1,1,1
"Q96FQ6",1,1,1
"Q9NTX5",1,1,1
"Q13190",1,1,1
"O14773",1,1,1
"Q96GM5",1,1,1
"Q9Y2X7",1,1,1
"O14639",1,1,1
"P21912",1,1,1
"Q99598",1,1,1
"P32320",1,1,1
"Q16762",1,1,1
"O75477",1,1,1
"Q9Y3E5",1,1,1
"O75616",1,1,1
"Q9NP79",1,1,1
"Q92734",1,1,1
"P46976",1,1,1
"P49755",1,1,1
"Q5VW32",1,1,1
"Q9UBB6",1,1,1
"Q58FF6",1,1,1
"P25490",1,1,1
"Q96SN8",1,1,1
"Q9NVH2",1,1,1
"Q9NQW6",1,1,1
"Q9BRR6",1,1,1
"Q9H4L5",1,1,1
"Q9UKD2",1,1,1
"Q9H1A4",1,1,1
"Q16539",1,1,1
"P14678",1,1,1
"P29992",1,1,1
"Q6P3W7",1,1,1
"P06753",1,1,1
"Q9BV20",1,1,1
"P30048",1,1,1
"Q92947",1,1,1
"O94913",1,1,1
"P35052",1,1,1
"Q9H2H8",1,1,1
"Q96S66",1,1,1
"P63279",1,1,1
"Q2TAL8",1,1,1
"Q9H8Y8",1,1,1
"P42126",1,1,1
"P51649",1,1,1
"P08236",1,1,1
"O95361",1,1,1
"Q9UL25",1,1,1
"Q9UJX2",1,1,1
"Q9NSK0",1,1,1
"Q9GZS1",1,1,1
"P07942",1,1,1
"Q8NFF5",1,1,1
"P10619",1,1,1
"Q658Y4",1,1,1
"Q96GG9",1,1,1
"Q9NP92",1,1,1
"O00161",1,1,1
"Q13404",1,1,1
"P46778",1,1,1
"P63220",1,1,1
"Q5VZL5",1,1,1
"Q8IWT6",1,1,1
"P04080",1,1,1
"Q9NWU2",1,1,1
"Q13131",1,1,1
"Q03468",1,1,1
"O00165",1,1,1
"O00264",1,1,1
"O94760",1,1,1
"Q5SWX8",1,1,1
"Q8IZ83",1,1,1
"P61970",1,1,1
"Q5T6V5",1,1,1
"Q96RU3",1,1,1
"Q13867",1,1,1
"Q9HC38",1,1,1
"Q15819",1,1,1
"Q9ULC4",1,1,1
"Q9BRS2",1,1,1
"Q15054",1,1,1
"P06730",1,1,1
"P62633",1,1,1
"P35813",1,1,1
"Q8IU81",1,1,1
"Q8NEZ5",1,1,1
"Q96DZ1",1,1,1
"Q86VS8",1,1,1
"P08397",1,1,1
"Q14676",1,1,1
"P20585",1,1,1
"Q96EK9",1,1,1
"P40429",1,1,1
"P61254",1,1,1
"Q9BSC4",1,1,1
"Q96I59",1,1,1
"P31949",1,1,1
"Q8N2K0",1,1,1
"Q6NYC1",1,1,1
"P42771",1,1,1
"Q14161",1,1,1
"Q9NZ01",1,1,1
"P20340",1,1,1
"P62314",1,1,1
"Q9UH99",1,1,1
"P29353",1,1,1
"Q9P015",1,1,1
"O94992",1,1,1
"Q9HD15",1,1,1
"Q9BYD3",1,1,1
"Q12789",1,1,1
"O96000",1,1,1
"Q16637",1,1,1
"Q96N67",1,1,1
"P11182",1,1,1
"Q9H6R0",1,1,1
"Q6UX04",1,1,1
"Q9Y6A5",1,1,1
"Q9UPT5",1,1,1
"Q9BRK5",1,1,1
"Q9BQL6",1,1,1
"Q03154",1,1,1
"Q8TAE8",1,1,1
"O60232",1,1,1
"Q96E11",1,1,1
"Q5VV41",1,1,1
"O43402",1,1,1
"Q02543",1,1,1
"Q9H9L3",1,1,1
"Q6ZXV5",1,1,1
"Q9BXY0",1,1,1
"Q9BYD1",1,1,1
"Q13363",1,1,1
"Q13740",1,1,1
"Q08AM6",1,1,1
"Q9ULJ3",1,1,1
"Q9BV57",1,1,1
"P62993",1,1,1
"P62244",1,1,1
"O95639",1,1,1
"P57081",1,1,1
"Q93050",1,1,1
"Q709C8",1,1,1
"O95456",1,1,1
"Q8WW59",1,1,1
"P32929",1,1,1
"Q9BVK6",1,1,1
"P52434",1,1,1
"P32455",1,1,1
"O00754",1,1,1
"Q68CQ4",1,1,1
"Q9NR28",1,1,1
"Q8TDP1",1,1,1
"Q8N8S7",1,1,1
"P16066",1,1,1
"Q8N201",1,1,1
"Q8NFH3",1,1,1
"Q9BY43",1,1,1
"O60318",1,1,1
"Q9H3Q1",1,1,1
"Q68EM7",1,1,1
"Q9BXV9",1,1,1
"Q96LJ7",1,1,1
"Q96RQ1",1,1,1
"P46977",1,1,1
"Q15643",1,1,1
"O94888",1,1,1
"O76071",1,1,1
"P48507",1,1,1
"Q9BVS4",1,1,1
"Q96DH6",1,1,1
"O15511",1,1,1
"Q99747",1,1,1
"Q9HBH0",1,1,1
"Q9BX68",1,1,1
"Q96C36",1,1,1
"P41247",1,1,1
"Q96QU8",1,1,1
"Q9BT22",1,1,1
"P09012",1,1,1
"P41236",1,1,1
"P62249",1,1,1
"Q9NXR7",1,1,1
"P0DN76",1,1,1
"Q01081",1,1,1
"Q8NEB9",1,1,1
"Q8NHH9",1,1,1
"Q9UPN4",1,1,1
"O75976",1,1,1
"P54725",1,1,1
"Q96JG6",1,1,1
"P18074",1,1,1
"Q96N66",1,1,1
"Q9NZ45",1,1,1
"P26232",1,1,1
"Q13442",1,1,1
"P28062",1,1,1
"Q8NEF9",1,1,1
"Q86TB9",1,1,1
"P46734",1,1,1
"Q7L8L6",1,1,1
"Q8NFH4",1,1,1
"P54709",1,1,1
"Q9BUL8",1,1,1
"P62807",1,1,1
"O60814",1,1,1
"P57053",1,1,1
"Q99880",1,1,1
"P58876",1,1,1
"Q99877",1,1,1
"Q93079",1,1,1
"Q99879",1,1,1
"Q5QNW6",1,1,1
"O00743",1,1,1
"Q9H814",1,1,1
"Q8TCT9",1,1,1
"Q8IX01",1,1,1
"O95400",1,1,1
"Q9HB71",1,1,1
"Q96PU5",1,1,1
"Q9NWS0",1,1,1
"Q53H96",1,1,1
"Q9BXK5",1,1,1
"Q96LD4",1,1,1
"O43813",1,1,1
"O95470",1,1,1
"Q96K21",1,1,1
"Q5HYK3",1,1,1
"P12694",1,1,1
"Q9NYL2",1,1,1
"Q9BW85",1,1,1
"Q15527",1,1,1
"P23142",1,1,1
"Q8WUA2",1,1,1
"Q16778",1,1,1
"P06899",1,1,1
"P23527",1,1,1
"P33778",1,1,1
"P30405",1,1,1
"O75128",1,1,1
"Q9Y375",1,1,1
"Q8IZH2",1,1,1
"P49721",1,1,1
"Q9NPF4",1,1,1
"Q15006",1,1,1
"Q96EY1",1,1,1
"Q9H5Q4",1,1,1
"Q9H773",1,1,1
"Q9BRZ2",1,1,1
"Q9HA64",1,1,1
"Q99816",1,1,1
"Q9BUH6",1,1,1
"P08047",1,1,1
"P04114",1,1,1
"O75494",1,1,1
"Q07812",1,1,1
"P22570",1,1,1
"Q01130",1,1,1
"Q8WTS6",1,1,1
"Q9NW08",1,1,1
"Q96ME7",1,1,1
"Q7L5Y1",1,1,1
"P49590",1,1,1
"C4AMC7",0,1,0
"Q6VEQ5",0,1,0
"P62942",1,1,1
"Q96KP1",1,1,1
"Q8N392",1,1,1
"Q8TAF3",1,1,1
"P40692",1,1,1
"Q9Y5T5",1,1,1
"Q9C0B5",1,1,1
"Q9GZT3",1,1,1
"Q9Y639",1,1,1
"Q15363",1,1,1
"Q9BV86",1,1,1
"Q7Z3T8",1,1,1
"Q9H3N1",1,1,1
"O94804",1,1,1
"Q14807",1,1,1
"P61081",1,1,1
"P29372",1,1,1
"Q9UHR4",1,1,1
"P49770",1,1,1
"Q05D32",1,1,1
"Q12979",1,1,1
"O95551",1,1,1
"Q8IXB1",1,1,1
"Q5SY16",1,1,1
"P36405",1,1,1
"Q99962",1,1,1
"Q8N335",1,1,1
"Q13459",1,1,1
"Q6BDS2",1,1,1
"Q9HCG8",1,1,1
"O15438",1,1,1
"P50897",1,1,1
"Q9UJW0",1,1,1
"Q96SB3",1,1,1
"Q9BY89",1,1,1
"Q9NR31",1,1,1
"Q96MW1",1,1,1
"Q08752",1,1,1
"P28715",1,1,1
"Q66LE6",1,1,0
"Q9Y5Q9",1,1,1
"Q9Y6B6",1,1,1
"Q13243",1,1,1
"Q13637",1,1,1
"Q15910",1,1,1
"P84098",1,1,1
"Q4G176",1,1,1
"Q96DV4",1,1,1
"O95396",1,1,1
"Q14739",1,1,1
"Q13643",1,1,1
"O15347",1,1,1
"Q96DB5",1,1,1
"Q9H832",1,1,1
"Q9P0I2",1,1,1
"O75937",1,1,1
"Q9Y5P6",1,1,1
"Q15631",1,1,1
"P62888",1,1,1
"Q96C01",1,1,1
"Q9UJX4",1,1,1
"P13073",1,1,1
"Q9UH62",1,1,1
"O75792",1,1,1
"Q9H444",1,1,1
"Q9UEG4",1,1,1
"Q9UMY4",1,1,1
"P29083",1,1,1
"Q86WB0",1,1,1
"Q15555",1,1,1
"Q86WR0",1,1,1
"Q9UHY7",1,1,1
"Q13642",1,1,1
"P61006",1,1,1
"Q16186",1,1,1
"Q16740",1,1,1
"Q9Y613",1,1,1
"Q15650",1,1,1
"O95299",1,1,1
"Q9NVA2",1,1,1
"Q13242",1,1,1
"Q96J01",1,1,1
"O43169",1,1,1
"Q8WXA9",1,1,1
"Q9H9C1",1,1,1
"Q7Z434",1,1,1
"Q12824",1,1,1
"Q96TA2",1,1,1
"Q9BZI7",1,1,1
"Q9H4L4",1,1,1
"Q5VTL8",1,1,1
"Q9P0J0",1,1,1
"P49902",1,1,1
"P69905",1,1,1
"Q96CV9",1,1,1
"Q96IJ6",1,1,1
"Q8N3E9",1,1,1
"O43809",1,1,1
"Q7Z4H8",1,1,1
"Q96A72",1,1,1
"P80217",1,1,1
"P54619",1,1,1
"O95251",1,1,1
"Q9NVH1",1,1,1
"Q14139",1,1,1
"P09001",1,1,1
"Q15208",1,1,1
"Q07020",1,1,1
"Q99959",1,1,1
"P19823",1,1,1
"Q14554",1,1,1
"P49585",1,1,1
"Q63ZY3",1,1,1
"P36969",1,1,1
"Q8N3V7",1,1,1
"Q9BR76",1,1,1
"Q13427",1,1,1
"Q92506",1,1,1
"Q92820",1,1,1
"Q07864",1,0,1
"Q8N5N7",1,1,1
"Q9NRX4",1,1,1
"O14545",1,1,1
"P98194",1,1,1
"Q9NRX1",1,1,1
"Q96AX1",1,1,1
"Q15428",1,1,1
"Q9BWS9",1,1,1
"Q92995",1,1,1
"P63000",1,1,1
"P19404",1,1,1
"O00499",1,1,1
"Q9UK76",1,1,1
"P61513",1,1,1
"Q03169",1,1,1
"Q9NW64",1,1,1
"Q8NC56",1,1,1
"Q99878",1,1,1
"Q96KK5",1,1,1
"P20671",1,1,1
"P04908",1,1,1
"Q93077",1,1,1
"Q7L7L0",1,1,1
"P0C0S8",1,1,1
"Q9BTM1",1,1,1
"O60784",1,1,1
"Q8ND04",1,1,1
"Q14571",1,1,1
"P10599",1,1,1
"Q9Y508",1,1,1
"Q15287",1,1,1
"Q6UWP7",1,1,1
"Q8NHV4",1,1,1
"Q9UNX3",1,1,1
"Q06136",1,1,1
"Q9NZ63",1,1,1
"Q86UV5",1,1,1
"Q9UBW8",1,1,1
"Q8NFW8",1,1,1
"O75340",1,1,1
"Q92600",1,1,1
"Q13425",1,1,1
"Q06587",1,1,1
"Q9UHR6",1,1,1
"Q9P0M9",1,1,1
"Q9NRK6",1,1,1
"Q13505",1,1,1
"Q12846",1,1,1
"O15228",1,1,1
"Q96GX9",1,1,1
"Q5W0V3",1,1,1
"P11117",1,1,1
"P62166",1,1,1
"P36543",1,1,1
"P17275",1,1,1
"P51151",1,1,1
"P46781",1,1,1
"Q9NRW7",1,1,1
"Q6P6C2",1,1,1
"O15460",1,1,1
"Q05655",1,1,1
"Q8N183",1,1,1
"Q16775",1,1,1
"Q13153",0,0,0
"Q8IWR0",1,1,1
"Q01650",1,1,1
"Q9Y394",1,1,1
"Q96GA7",1,1,1
"Q9HA77",1,1,1
"Q9BXF6",1,1,1
"Q9H9G7",1,1,0
"P56182",1,1,1
"P16219",1,1,1
"Q16706",1,1,1
"P62745",1,1,1
"Q99627",1,1,1
"P05026",1,1,1
"P49366",1,1,1
"Q86SQ0",1,1,1
"P18859",1,1,1
"Q96JP5",1,1,1
"Q9UNW1",1,1,1
"P19388",1,1,1
"O14920",1,1,1
"Q9Y6M0",1,1,1
"Q9Y3B3",1,1,1
"Q92785",1,1,1
"Q9BZF9",1,1,1
"Q9UL40",1,1,1
"Q96C57",1,1,1
"Q9Y3D9",1,1,1
"Q13217",1,1,1
"Q9UGU0",1,1,1
"Q9H974",1,1,1
"Q96G74",1,1,1
"P25440",1,1,1
"Q9Y5L4",1,1,1
"Q7Z3U7",1,1,1
"Q8IWE2",1,1,1
"Q6UXV4",1,1,1
"Q9NP72",1,1,1
"Q53FA7",1,1,1
"P39019",1,1,1
"Q9UBP0",1,1,1
"Q9NX40",1,1,1
"Q9BUB7",1,1,1
"Q9UGN5",1,1,1
"Q8N4Q0",1,1,1
"Q9P2D0",1,1,1
"Q14019",1,1,1
"O60942",1,1,1
"Q86XI2",1,1,1
"Q9Y312",1,1,1
"Q9BTY7",1,1,1
"P26373",1,1,1
"Q9UK41",1,1,1
"Q969X5",1,1,1
"O75663",1,1,1
"Q9Y657",1,1,1
"P43307",1,1,1
"Q96FK6",1,1,1
"Q86YQ8",1,1,1
"P61313",1,1,1
"Q8IYS1",1,1,1
"Q7L4I2",1,1,1
"Q14116",1,1,1
"Q86U42",1,1,1
"O00471",1,1,1
"O95881",1,1,1
"Q9UFN0",1,1,1
"O95571",1,1,1
"O15269",1,1,1
"P55327",1,1,1
"Q9C0J8",1,1,1
"O15260",1,1,1
"Q15286",1,1,1
"O14787",1,1,1
"Q9NX74",1,1,1
"P00403",1,1,1
"P48059",1,1,1
"Q9UQ16",0,1,0
"P08574",1,1,1
"Q9BWH6",1,1,1
"Q96BR5",1,1,1
"A4D1E9",1,1,1
"O00422",1,1,1
"Q00587",1,1,1
"Q9NZ32",1,1,1
"Q9UBD5",1,1,1
"Q96CP2",1,1,1
"Q92733",1,1,1
"Q4J6C6",1,1,1
"Q96I51",1,1,1
"Q9BYD6",1,1,1
"P02768",1,1,1
"P21964",1,1,1
"Q7Z4W1",1,1,1
"Q9Y6M9",1,1,1
"O75044",1,1,1
"P17568",1,1,1
"O75569",1,1,1
"Q8NBJ4",1,1,1
"Q9NVE7",1,1,1
"Q9UI30",1,1,1
"Q9BY42",1,1,1
"Q9HBH5",1,1,1
"Q9BRX2",1,1,1
"P49747",1,1,1
"O60936",1,1,1
"Q92520",1,1,1
"Q15018",1,1,1
"O95630",1,1,1
"Q70UQ0",1,1,1
"Q8WWI5",1,1,1
"Q9BT09",1,1,1
"Q8NHP8",1,1,1
"Q08AF3",1,1,1
"O43768",1,1,1
"Q9NVD7",1,1,1
"Q9BZX2",1,1,1
"P49593",1,1,1
"Q9H1Z4",1,1,1
"Q9UN37",1,1,1
"Q96IY1",1,1,1
"Q9H0J9",1,1,1
"Q96CM8",1,1,1
"Q9BXB5",1,1,1
"P00519",1,1,1
"Q5ZPR3",1,1,1
"P62750",1,1,1
"P43353",1,1,1
"Q9NX55",1,1,1
"P31749",1,1,1
"O75175",1,1,1
"Q9Y5J7",1,1,1
"Q9UKM7",1,1,1
"Q9NWV8",1,1,1
"P84090",1,1,1
"Q8IWJ2",1,1,1
"Q96BW9",1,1,1
"O43292",1,1,1
"Q6N069",1,0,1
"Q9BYD2",1,1,1
"Q9NPI6",1,1,1
"Q13610",1,1,1
"P68036",1,1,1
"Q15392",1,1,1
"P61962",1,1,1
"Q8WUX2",1,1,1
"Q9GZU8",1,1,1
"P14927",1,1,1
"Q99653",1,1,1
"Q9UL18",0,0,0
"O75676",1,1,1
"O75347",1,1,1
"Q9HCD6",1,1,1
"P62081",1,1,1
"Q15642",1,1,1
"Q6VY07",1,1,1
"Q53GS7",1,1,1
"P15927",1,1,1
"P05161",1,1,1
"Q12933",1,1,1
"P40616",1,1,1
"Q96KA5",1,1,1
"Q8WUF5",1,1,1
"P17706",1,1,1
"Q5T653",1,1,1
"Q96QR8",1,1,1
"O43324",1,1,1
"Q9NZM3",1,1,1
"O75828",1,1,1
"Q9BRP4",1,1,1
"P62899",1,1,1
"Q6P1M3",1,1,1
"O43251",1,1,1
"P62913",1,1,1
"Q9NV31",1,1,1
"Q9NVG8",1,1,1
"P16403",1,1,1
"O75608",1,1,1
"O95302",1,1,1
"Q6NYC8",1,1,1
"O15164",1,1,1
"Q15582",1,1,1
"Q8IZ69",1,1,1
"P48651",1,1,1
"Q10472",1,1,1
"Q7L7X3",1,1,1
"Q9Y2P8",1,1,1
"Q96H55",1,1,1
"Q9ULH0",1,1,1
"Q9H568",1,1,1
"Q5TBB1",1,1,1
"Q9H7E9",1,1,1
"Q13362",1,1,1
"Q6ZNB6",1,1,1
"Q8N884",1,1,1
"O75794",1,1,1
"O95716",1,1,1
"Q9Y4R8",1,1,1
"Q9UPN6",1,1,1
"P14373",1,1,1
"O94903",1,1,1
"Q9Y221",1,1,1
"Q02252",1,1,1
"Q9NZD8",1,1,1
"Q9Y3S2",1,1,1
"O95707",1,1,1
"Q9HAS0",1,1,1
"O14656",1,1,1
"P78356",1,1,1
"P53999",1,1,1
"Q86W56",1,1,1
"Q66K14",1,1,1
"O95613",1,1,1
"Q9BRJ6",1,1,1
"O15498",1,1,1
"Q13526",1,1,1
"Q9NUY8",1,1,1
"Q9Y5A7",1,1,1
"O43156",1,1,1
"Q03519",1,1,1
"P51452",1,1,1
"P53985",1,1,1
"Q99426",1,1,1
"Q9C0I1",1,1,1
"Q9NTM9",1,1,1
"Q9NR56",1,1,1
"Q96C90",1,1,1
"Q16850",1,1,1
"Q9BTE7",1,1,1
"Q53F19",1,1,1
"Q8TB72",1,1,1
"Q93034",1,1,1
"O94842",1,1,1
"Q8WXF1",1,1,1
"Q9BRQ8",1,1,1
"P59998",1,1,1
"Q5JS54",1,1,1
"P60604",1,1,1
"Q00534",1,1,1
"P55769",1,1,1
"Q9H7E2",1,1,1
"Q96EB1",1,1,1
"P82930",1,1,1
"Q16763",1,1,1
"P49406",1,1,1
"Q9H900",1,1,1
"Q13033",1,1,1
"O95372",1,1,1
"O14562",1,1,1
"Q8WWV3",1,1,1
"P35914",1,1,1
"Q68CQ7",1,1,1
"Q5VW36",1,1,1
"P21359",1,1,1
"A6NHL2",1,1,1
"Q9UBQ5",1,1,1
"O15427",1,1,1
"P31751",0,1,1
"Q9NR33",1,1,1
"Q5MIZ7",0,1,0
"Q9H4A6",1,1,1
"Q9P2D1",0,0,0
"Q96EI5",1,1,1
"P17813",1,1,1
"Q96CN7",1,1,1
"P00441",1,1,1
"Q8N0X7",1,1,1
"P50750",1,1,1
"Q9HCY8",1,1,1
"Q9UBQ0",1,1,1
"Q5T200",1,1,1
"Q9Y3Y2",1,1,1
"P13984",1,1,1
"Q9NRF9",1,1,1
"Q9H0G5",1,1,1
"Q9Y282",1,1,1
"O95777",1,1,1
"Q9NQ48",1,1,1
"P16333",1,1,1
"O43633",1,1,1
"Q14011",1,1,1
"P10412",1,1,1
"P16949",1,1,1
"Q9NQT8",1,0,1
"P27338",1,1,1
"P04183",1,1,1
"Q9NSI2",1,1,1
"P28072",1,1,1
"Q8TBX8",1,1,1
"P16104",0,0,0
"P05091",1,1,1
"Q6IAA8",1,1,1
"Q9Y5B0",1,1,1
"Q5K651",1,1,1
"O95260",1,1,1
"P62487",1,1,1
"Q8NI08",1,1,1
"P08651",1,1,1
"Q9BUL9",1,1,1
"Q96HY7",1,1,1
"Q96ER3",1,1,1
"P50914",1,1,1
"Q8IVD9",1,1,1
"Q9H4L7",1,1,1
"P83876",1,1,1
"Q15629",1,1,1
"O43464",1,1,1
"Q9Y624",1,1,1
"P22670",1,1,1
"P48449",1,1,1
"Q13685",1,1,1
"Q9P000",1,1,1
"Q9Y679",1,1,1
"Q9NS86",1,1,1
"P01033",1,1,1
"P78362",1,1,1
"Q96B26",1,1,1
"Q15370",1,1,1
"O60830",1,1,1
"Q6UWP2",1,1,1
"P25815",1,1,1
"Q9H1K1",1,1,1
"Q9P016",1,1,1
"Q15172",1,1,1
"Q9UJ68",1,1,1
"Q8N4Q1",1,1,1
"Q9NZQ3",1,1,1
"Q8TF68",1,1,1
"P42575",1,1,1
"Q96SY0",1,1,1
"Q9NZN8",1,1,1
"Q9NZM5",1,1,1
"P61619",1,1,1
"P52758",1,1,1
"O14732",1,1,1
"Q96HW7",1,1,1
"Q9NZJ6",1,1,1
"Q13671",1,1,1
"Q8IZP0",1,1,1
"Q9NPA0",1,1,1
"Q9H6W3",1,1,1
"Q9H5N1",1,1,1
"Q13601",1,1,1
"Q6NXE6",1,1,1
"Q9NY12",1,1,1
"Q9BVQ7",1,1,1
"Q96A35",1,1,1
"Q9UI09",1,1,1
"O15145",1,1,1
"Q8IUI8",1,1,1
"Q14331",1,1,1
"Q15126",1,1,1
"Q8IVM0",1,1,1
"P16455",1,1,1
"Q9NUP9",1,1,1
"Q96G23",1,1,1
"Q9Y6I3",1,1,1
"Q96T60",1,1,1
"Q9BVL2",1,1,1
"Q01628",1,1,1
"O43670",1,1,1
"P14854",1,1,1
"Q9NYJ1",1,1,1
"Q96IZ0",1,1,1
"P62854",1,1,1
"Q3MHD2",1,1,1
"Q8N0Y7",0,1,0
"P08579",1,1,1
"Q4VC31",1,1,1
"Q9NX24",1,1,1
"Q13287",1,1,1
"Q96K17",1,1,1
"Q9UP95",1,1,1
"P61599",1,1,1
"Q9BQ95",1,1,1
"Q9NXW2",1,1,1
"P30046",1,1,1
"Q5SNT2",1,1,1
"Q9HAB8",1,1,1
"Q8N4T8",1,1,1
"Q6UUV7",1,1,1
"Q15022",1,1,1
"Q9Y3B9",1,1,1
"Q9Y3D0",1,1,1
"Q96FX7",1,1,1
"Q8IY17",1,1,1
"Q9NQZ2",1,1,1
"Q9BTZ2",1,1,1
"Q9NQT4",1,1,1
"Q9NWU5",1,1,1
"Q9NP77",1,1,1
"Q9Y3A2",1,1,1
"P63167",1,1,1
"Q8N5K1",1,1,1
"O95870",1,1,1
"O94808",0,0,0
"Q8IXM2",1,1,1
"Q9BZF1",1,1,1
"Q9Y2Z9",1,1,1
"Q96SZ5",1,1,1
"P50583",1,1,1
"Q6DKI1",1,1,1
"Q3B726",1,1,1
"Q9Y3B2",1,1,1
"Q9ULK4",1,1,1
"O15119",1,1,1
"Q9GZY8",1,1,1
"Q92859",1,1,1
"Q5TAQ9",1,1,1
"P99999",1,1,1
"Q99547",1,1,1
"O96011",1,1,1
"Q9Y608",1,1,1
"P11166",1,1,1
"Q9NQ88",1,1,1
"P11279",1,1,1
"Q14108",1,1,1
"Q14197",1,1,1
"P49841",1,1,1
"P04264",1,0,0
"Q9BXB4",1,1,1
"Q9BQP7",1,1,1
"P16401",1,1,1
"P13987",1,1,1
"O95159",1,1,1
"Q9BXR0",1,1,1
"P26885",1,1,1
"Q70CQ2",1,1,1
"Q00059",1,1,1
"O94966",1,1,1
"O75391",1,1,1
"P05423",1,1,1
"Q15070",1,1,1
"Q0JRZ9",1,1,1
"Q9UPY3",1,1,1
"Q5T1V6",1,1,1
"Q92882",1,1,1
"Q9BTU6",1,1,1
"O43598",1,1,1
"A0AV96",1,1,1
"Q9P0J7",1,1,1
"P46776",1,1,1
"O60762",1,1,1
"Q7Z569",1,1,1
"O00442",1,1,1
"P30626",1,1,1
"P36404",1,1,1
"P50148",1,1,1
"Q9BW71",1,1,1
"Q9H8S9",1,1,1
"Q7L9L4",1,1,1
"Q8WUY1",1,1,1
"Q6NXR4",1,1,1
"Q13546",1,1,1
"P46779",1,1,1
"O95478",1,1,1
"P04062",1,1,1
"P32321",1,1,1
"P48426",1,1,1
"Q9Y3C1",1,1,1
"Q9NV35",1,1,1
"Q6DD87",1,1,1
"Q6AI08",1,1,1
"P17676",1,1,1
"P48556",1,1,1
"Q7Z7H5",1,1,1
"Q8WW22",1,1,1
"P07948",1,1,1
"Q8IVS2",1,1,1
"O15321",1,1,1
"P53611",1,1,1
"Q7Z2W9",1,1,1
"Q9Y3B4",1,1,1
"Q9P032",1,1,1
"Q9NXE4",1,1,1
"Q9Y5P4",1,1,1
"Q13595",1,1,1
"P17096",1,1,1
"Q06033",1,1,1
"Q08AD1",1,1,1
"Q9Y6K9",1,1,1
"Q9NRV9",1,1,1
"A8CG34",1,1,1
"P36954",1,1,1
"Q9Y2V2",1,1,1
"Q9UHY1",1,1,1
"Q9Y3C6",1,1,1
"Q9NS87",1,1,1
"Q9H2J4",1,1,1
"P43007",1,1,1
"Q8TAG9",1,1,1
"Q9NQ50",1,1,1
"Q9Y276",1,1,1
"Q5VWQ0",1,1,1
"P51580",1,1,1
"Q6ZRS2",1,1,0
"Q9NWY4",1,1,1
"Q00613",1,1,1
"P51608",1,1,1
"Q8N5M1",1,1,1
"P46939",1,1,0
"Q16718",1,1,1
"Q14409",1,1,1
"P32189",1,1,1
"Q9H3K6",1,1,1
"Q13887",1,1,1
"Q9NT62",1,1,1
"P35244",1,1,1
"Q8IWV8",1,1,1
"P42356",1,1,1
"O14530",1,1,1
"Q14004",1,1,1
"Q9H2P9",1,1,1
"Q9ULR0",1,1,1
"O15111",1,1,1
"Q9BTC8",1,1,1
"Q7Z4H7",1,1,1
"Q6RW13",1,1,1
"Q9NUQ2",1,1,1
"P19447",1,1,1
"Q8WZA0",1,1,1
"P82675",1,1,1
"Q8IXI2",1,1,1
"P15529",1,1,1
"Q13421",1,0,1
"O60493",1,1,1
"Q9NYT0",1,1,1
"Q9NPE3",1,1,1
"Q8IXK0",1,1,0
"Q8WUH6",1,1,1
"O95825",1,1,1
"P62330",1,1,1
"Q99496",1,1,1
"Q8NBL1",1,1,1
"O14727",1,1,1
"P09132",1,1,1
"Q99417",1,1,1
"Q9BVC5",1,1,1
"O75448",1,1,1
"O15126",1,1,1
"Q9UMS0",1,1,1
"Q13614",1,1,1
"O14880",1,1,1
"Q9UQR0",1,1,1
"O95985",1,1,1
"Q5JTJ3",1,1,1
"Q9H9E3",1,1,1
"P42574",1,1,1
"O75935",1,1,1
"P55210",1,1,1
"P62277",1,1,1
"P51571",1,1,1
"Q15554",1,1,1
"Q8IUE6",1,1,1
"Q8IYU8",1,1,1
"Q96C23",1,1,1
"Q9Y371",1,1,1
"Q13627",1,1,1
"Q969U7",1,1,1
"Q9Y676",1,1,1
"O95297",1,1,1
"Q8N6R0",1,1,1
"Q7KZN9",1,1,1
"P54760",1,1,1
"Q9NPI1",1,1,1
"Q92990",1,1,1
"Q9BV68",1,1,1
"Q9BPX5",1,1,1
"Q9NVM6",1,1,1
"Q96PY5",1,1,1
"Q15165",1,1,1
"P29084",1,1,1
"P14174",1,1,1
"O95084",1,1,1
"P30047",1,1,1
"Q8N4C8",0,1,1
"Q99757",1,1,1
"O75431",1,1,1
"Q14746",1,1,1
"P51153",1,1,1
"Q9H0H0",1,1,1
"P05067",1,1,1
"P0DPB6",1,1,1
"Q9Y399",1,1,1
"P84022",0,0,0
"P83731",1,1,1
"P56211",1,1,1
"O95104",1,1,1
"P20645",1,1,1
"Q6P9B9",1,1,1
"O00244",1,1,1
"P61758",1,1,1
"Q4KMQ2",1,1,1
"Q6IAN0",1,1,1
"P35443",1,1,1
"P36955",1,1,1
"Q9Y3B8",1,1,1
"Q13951",1,1,1
"P47813",1,1,1
"Q13445",1,1,1
"P53365",1,1,1
"Q93100",1,1,1
"Q99755",0,0,0
"P41223",1,1,1
"Q9UFW8",1,1,1
"Q9Y248",1,1,1
"Q86Y37",1,1,1
"Q5T8D3",1,1,1
"Q6IQ49",1,1,1
"P01116",1,1,1
"Q96GA3",1,1,1
"Q8WVJ2",1,1,1
"Q5T160",1,1,1
"Q99996",0,0,1
"P61244",1,1,1
"Q5T1C6",1,1,1
"Q8NFD5",1,1,0
"Q9HB90",1,0,1
"O95983",1,1,1
"P07919",1,1,1
"P07947",1,1,0
"Q9H6E5",1,1,1
"P55145",1,1,1
"Q96IF1",1,1,1
"Q9NUQ7",1,1,1
"Q8N6M0",1,1,1
"P49768",1,1,1
"Q96JC1",1,1,1
"Q9UJV9",1,1,1
"Q68CP9",1,1,1
"Q92643",1,1,1
"O43824",1,1,1
"P04049",0,0,0
"Q9NUQ6",1,1,1
"O14737",1,1,1
"Q96S82",1,1,1
"Q8N108",1,1,1
"P62847",1,1,1
"P62266",1,1,1
"Q10469",1,1,1
"Q8N142",0,1,1
"Q9NWU1",1,1,1
"Q15814",1,1,1
"P53007",1,1,1
"Q99622",1,1,1
"Q13907",1,1,1
"Q8N983",1,1,1
"Q56NI9",1,1,0
"Q9UMX5",1,1,1
"Q96G21",1,1,1
"O15258",1,1,1
"Q16512",1,1,1
"O00291",1,1,1
"Q8NEY8",1,1,1
"Q8NEW0",1,1,1
"Q6NZI2",1,1,1
"O14976",1,1,1
"Q9UEW8",1,1,0
"Q7L7V1",1,1,1
"Q14195",0,1,0
"P60983",1,1,1
"Q8TCE6",1,1,1
"O75909",1,1,1
"Q96GS4",1,1,1
"P19367",1,1,1
"L0R6Q1",1,1,1
"Q8N9N7",1,1,1
"Q9ULH7",1,1,1
"P53680",1,1,1
"Q08209",1,1,1
"Q96D53",1,1,1
"P00813",1,1,1
"A6NDU8",1,1,1
"P53990",1,1,1
"Q96AY4",1,1,1
"O75381",1,1,1
"P45985",1,1,1
"Q9P013",1,1,1
"Q9H8M5",1,1,1
"Q9UPP1",1,1,1
"O43752",1,0,1
"Q9Y5Q8",1,1,1
"Q8WUQ7",1,1,1
"O15212",1,1,1
"P01111",1,1,1
"Q96PU8",1,1,1
"P35268",1,1,1
"Q9UBB5",1,1,1
"Q8N4P3",1,1,1
"Q9H993",1,1,1
"Q8WVY7",1,1,1
"Q7Z7E8",1,1,1
"O60613",1,1,1
"Q15836",1,1,1
"Q9GZT8",1,1,1
"Q68D91",1,1,1
"Q56VL3",1,1,1
"Q5T0N5",1,1,1
"Q86Y39",1,1,1
"Q96I15",1,1,1
"O75323",1,1,1
"O95425",1,1,1
"Q9UBI6",1,1,1
"Q92547",1,1,1
"P28347",1,1,1
"Q9UBM7",1,1,1
"Q8WZA9",1,1,1
"Q9NP97",1,1,1
"Q8TF74",1,1,1
"Q13416",1,1,1
"Q8IYB5",1,1,1
"O15118",1,1,1
"Q9BPW8",1,1,1
"O60828",1,1,1
"Q15102",1,1,1
"Q9Y232",1,1,1
"Q6PK04",1,1,1
"P50151",1,1,1
"Q96FV2",1,1,1
"Q7L5D6",1,1,1
"Q969R2",0,1,1
"Q8IWC1",1,1,1
"O60888",1,1,1
"Q8NFJ5",1,1,1
"P04920",1,1,1
"O75940",1,1,1
"Q96ST2",1,1,1
"Q92625",1,1,1
"Q92526",1,0,1
"P53384",1,1,1
"Q8IY18",1,1,1
"P00747",1,1,1
"Q9H2W6",1,1,1
"P03915",1,1,1
"P54278",1,0,1
"Q9BSH5",1,1,1
"O95359",1,1,1
"Q12981",1,1,1
"Q96J02",1,1,1
"Q9BW61",1,1,1
"Q04656",1,1,0
"Q9NVZ3",1,1,1
"Q9Y3Q3",1,1,1
"Q9NVN8",1,1,1
"Q9HC21",1,1,1
"P02794",1,1,1
"P57076",1,1,1
"O96013",1,1,1
"Q8TAA5",1,1,1
"Q9BSY4",1,1,1
"A3KN83",1,1,1
"P01023",1,1,1
"Q96H20",1,1,1
"P49914",1,1,1
"Q7RTV0",1,1,1
"Q9Y496",0,1,1
"Q9NPJ3",1,1,1
"P35611",1,1,1
"P51808",1,1,1
"Q92542",1,1,1
"Q13438",1,1,1
"Q9H3G5",1,1,1
"Q8WUK0",1,1,1
"Q16644",1,1,1
"Q13405",1,1,1
"Q02040",1,1,1
"Q9BSV6",1,1,1
"P38935",1,1,1
"Q9HC07",1,1,1
"Q9UJX6",1,1,1
"Q6VN20",1,1,1
"Q86TM6",1,1,1
"P11233",1,1,1
"O95140",1,1,1
"Q9H981",1,1,0
"O95801",1,1,1
"O43663",1,1,1
"Q5U5X0",1,1,1
"P35754",1,1,1
"Q9BZV1",0,1,1
"P78310",1,1,1
"Q9H2D1",1,1,1
"Q9H0U3",1,1,1
"Q9H061",1,1,1
"Q8IW35",1,1,1
"Q9HBL8",1,1,1
"Q7L5L3",1,1,1
"Q9BV40",1,1,1
"Q13510",1,1,1
"P55957",1,1,1
"Q96MF7",1,1,1
"P60866",1,1,1
"O00257",1,1,1
"P18077",1,1,1
"Q9NX14",1,1,1
"P61916",1,1,1
"Q14289",1,1,1
"P78332",1,1,1
"O14657",1,1,1
"Q9Y5K8",1,1,1
"Q6GMV3",1,1,1
"Q9ULF5",1,1,1
"Q99871",1,1,1
"P42684",0,1,1
"P49458",1,1,1
"Q86TP1",1,1,1
"Q9Y5Y2",1,1,1
"O00399",1,1,1
"Q9HB40",1,1,1
"A6NIH7",1,1,1
"Q9BQE5",1,1,1
"Q9BSD7",1,1,1
"Q9Y6W5",1,1,1
"Q9BQ75",1,1,1
"Q6P2C8",1,1,1
"Q9BYN8",1,1,1
"P07199",1,1,1
"Q9UJX5",1,1,1
"Q14653",1,1,1
"Q8NB46",0,1,1
"O00562",0,1,1
"Q9UBU8",1,1,1
"O75907",1,1,1
"Q96S59",1,1,1
"Q9Y333",1,1,1
"Q9P0U3",1,1,1
"Q86WQ0",1,1,1
"Q53GQ0",1,1,1
"O43819",1,1,1
"Q9H9Q2",1,1,1
"Q8ND24",1,1,1
"O75787",1,1,1
"Q9BW66",1,1,1
"Q9Y4Z0",1,1,1
"Q9H081",1,1,1
"Q9NVS2",1,1,1
"P10606",1,1,1
"Q6PJG2",1,1,1
"Q96IZ7",1,1,1
"O00330",1,1,1
"Q9BRU9",1,1,1
"Q9Y3U8",1,1,1
"Q03164",0,1,0
"Q9P2D3",1,1,1
"Q7Z7F7",1,1,1
"O15230",0,1,1
"O00418",1,1,1
"Q8N129",1,1,1
"Q96EV2",1,1,1
"P0C0L4",1,1,1
"Q12974",0,0,0
"P09497",1,1,1
"O60869",1,1,1
"Q13472",1,1,1
"P30530",1,1,1
"Q9UER7",1,1,1
"Q8IV38",1,1,1
"O95149",1,1,1
"Q9Y673",1,1,1
"Q92530",1,1,1
"O95248",1,0,0
"Q9NW15",1,1,0
"Q15526",1,1,1
"Q8WTV0",1,1,1
"Q9UEE9",1,0,1
"Q9Y3L5",1,1,1
"P10301",1,1,1
"Q9H553",1,1,1
"Q8NAV1",1,1,1
"P52815",1,1,1
"Q8IWZ8",1,1,1
"P46199",1,1,1
"Q9BU61",1,1,1
"O15541",1,1,1
"P05166",1,1,1
"Q96A26",1,1,1
"O43929",1,1,1
"O15120",1,1,1
"Q96G25",1,1,1
"Q9BTA9",0,1,1
"P16383",1,1,1
"Q9BRQ6",1,1,1
"Q9BVC6",1,1,1
"P52756",1,1,1
"Q9H0V9",1,1,1
"P02751",1,1,1
"Q15427",1,1,1
"Q8NEU8",1,1,1
"Q9H6U6",1,0,0
"Q14BN4",1,1,1
"P26447",1,1,1
"P05549",1,1,1
"A2RRP1",1,1,1
"P62253",1,1,1
"P61604",1,1,1
"Q14919",1,1,1
"Q8N2F6",1,1,1
"Q6P1A2",1,1,1
"Q53S08",1,1,1
"P51948",1,1,1
"O00268",1,1,1
"Q8N5P1",1,1,1
"Q2KHR3",1,1,1
"O75884",1,1,1
"Q9NUW8",1,1,1
"O15013",1,1,1
"Q6P4A7",1,1,1
"Q9P2X3",1,1,1
"Q14353",1,1,1
"Q00577",1,1,1
"Q96H79",1,1,1
"Q9HCN4",1,1,1
"Q8NDX5",1,0,1
"O75380",1,1,1
"O60333",0,1,1
"P09496",1,1,1
"P42677",1,1,1
"Q3KQU3",1,1,1
"Q9UGJ1",1,1,1
"Q9Y478",1,1,0
"P55211",1,1,1
"O00767",1,1,1
"Q9NUI1",1,1,1
"P57088",1,1,1
"Q9H8H3",1,1,1
"Q8TDH9",1,1,1
"P14859",1,1,1
"P20742",1,1,1
"O60499",1,1,1
"Q9UHV9",1,1,1
"Q9NUL5",1,1,1
"P61966",1,1,1
"Q9BRT9",1,1,1
"Q96FJ2",1,1,1
"Q71UM5",1,1,1
"Q9NX20",1,1,1
"P02765",1,1,1
"Q9BUR4",1,1,1
"P61769",1,1,1
"Q8TB03",1,1,1
"Q9NZZ3",1,1,1
"Q9UHX3",1,1,1
"P07311",1,1,1
"P49662",1,1,0
"O14925",1,1,1
"Q5SRD1",1,1,1
"Q96CS2",1,1,1
"Q99808",1,1,1
"P12109",1,1,1
"O43572",0,0,1
"Q99538",1,1,1
"Q96B23",1,1,1
"Q969Y2",1,1,1
"Q8WUD4",1,1,1
"Q9NVT9",1,1,1
"Q16537",1,1,1
"Q9Y2X9",1,1,1
"P51970",1,1,1
"O14561",1,1,1
"Q92572",1,1,1
"O15234",1,0,1
"O15533",1,1,1
"Q8IXM3",1,1,1
"Q9BRT2",1,1,1
"O75683",1,1,1
"Q8IU85",1,1,1
"Q8IV48",1,1,1
"Q10589",1,1,1
"Q14691",1,1,1
"O00217",1,1,1
"Q9Y3E1",1,1,1
"Q8TBA6",1,1,1
"O00194",1,1,1
"Q9BW91",1,1,1
"Q9P0J1",1,1,1
"P98179",1,1,1
"P57105",1,1,1
"Q96CB8",1,1,1
"Q9NX05",1,1,1
"Q8TD16",1,1,1
"P20933",1,1,1
"P62306",1,1,1
"Q9UBP6",1,1,1
"P11234",1,1,1
"P09234",1,1,1
"Q13541",1,1,1
"Q5TA45",1,1,1
"P40123",1,1,1
"Q96RT1",0,0,0
"P32780",1,1,0
"Q99584",1,1,1
"P55011",1,1,1
"P58546",1,1,1
"O75368",1,1,1
"Q9HC36",1,1,1
"Q8IWA5",1,1,1
"O60573",1,1,1
"O15514",1,1,1
"O95466",1,1,1
"O60220",1,1,1
"Q9Y6V7",1,1,1
"Q676U5",1,1,1
"Q92793",1,0,1
"Q9UHB7",1,1,0
"O95678",1,1,1
"Q00536",1,1,1
"Q6GMV2",1,1,1
"O95295",1,1,1
"Q9H4F8",1,1,1
"Q8WUX1",1,1,1
"O43688",1,1,1
"Q9UIF9",1,1,1
"Q6SJ93",1,1,1
"Q8NBT2",1,1,1
"P49848",1,0,1
"P52298",1,1,1
"Q96AQ6",1,1,1
"P48594",0,0,0
"Q86UY6",1,1,1
"Q96DX5",1,1,1
"Q8TE77",1,1,0
"Q9HBM1",1,1,1
"Q9NRX2",1,1,1
"Q8NEZ2",1,1,1
"Q13751",1,0,0
"Q71DI3",1,1,1
"Q8NBN3",1,1,1
"P61225",1,1,1
"P41208",1,1,1
"P56134",1,1,1
"Q15043",1,1,1
"Q9Y619",1,1,1
"Q8WUB8",1,1,1
"Q96EL3",1,1,1
"Q8TEA8",1,1,1
"O94927",1,1,1
"Q15334",1,1,1
"Q9NVJ2",1,1,1
"P10589",1,1,1
"Q9Y3D7",1,1,1
"P82909",1,1,1
"O43674",1,1,1
"Q8IYB7",1,1,0
"Q6IA69",1,1,1
"Q92575",1,1,1
"P63172",1,1,1
"O43708",1,1,1
"Q7Z2E3",1,1,1
"Q9NXC5",1,1,1
"Q5XKP0",1,1,1
"Q9NYL4",1,1,1
"O14618",1,1,1
"Q8NDF8",1,0,1
"P48723",1,1,1
"O15047",1,1,1
"Q9UBR2",1,1,1
"Q5RI15",1,1,1
"Q96T58",0,1,0
"Q9BW60",1,1,1
"Q8N999",1,1,1
"P25445",1,1,1
"Q01831",1,1,1
"P62070",1,1,1
"Q93074",1,1,0
"P78536",0,0,1
"Q9Y6X3",1,1,1
"Q8IUR7",0,0,1
"Q96FZ7",1,1,1
"O15121",1,1,1
"Q6NW34",1,1,1
"P63165",1,1,1
"Q96BM9",1,1,0
"O60921",1,1,1
"P30825",1,1,1
"P45954",1,1,1
"O95235",0,1,1
"P49006",1,1,1
"Q2TAA2",1,1,1
"Q7L775",1,1,1
"Q13795",1,1,1
"Q9H2C0",1,1,1
"Q15528",1,1,1
"Q9Y3A6",1,1,1
"Q9UM00",1,1,1
"Q2M2I8",1,1,1
"Q9Y6I9",1,1,1
"P20674",1,1,1
"Q9H7D7",1,1,1
"O15231",1,1,1
"Q9Y5Y5",1,1,1
"P17050",1,1,1
"P14635",1,1,1
"P30711",1,1,1
"Q6P587",1,1,1
"Q01415",1,1,1
"O60783",1,1,1
"Q86W50",1,1,1
"Q8WUW1",1,1,1
"Q9NPF5",1,1,1
"Q8IWB7",1,1,1
"Q8IWU2",0,0,1
"Q92989",1,1,1
"O00443",1,1,1
"P12259",1,1,1
"Q9Y296",1,1,1
"Q9H6D7",1,1,1
"Q6P1K2",1,1,1
"Q9NZI7",1,1,1
"Q9H1H9",0,1,0
"Q16563",1,1,1
"O95169",1,1,1
"Q9NVP2",1,1,1
"Q969H8",1,1,1
"Q9BRX8",1,1,1
"Q8IZA0",1,1,1
"O15116",1,1,1
"Q8N5M4",1,1,1
"Q96FF9",1,1,1
"Q12962",1,1,1
"Q96DA6",1,1,1
"Q9BZD4",1,1,1
"P49441",1,1,1
"Q5J8M3",1,1,1
"O95926",1,1,0
"O00411",1,1,1
"P36639",1,1,1
"Q9NQE9",1,1,1
"Q86T03",1,1,1
"Q8WVM0",1,1,1
"P42785",1,1,1
"O00401",1,1,1
"Q9Y217",1,1,1
"Q9UHQ4",1,1,1
"P49207",1,1,1
"P61421",1,1,1
"P0C0S5",1,1,1
"Q71UI9",1,1,1
"O00458",1,1,1
"Q9BSE5",1,1,1
"O95197",1,1,1
"O15400",1,1,1
"Q9Y237",1,1,1
"Q2T9J0",1,1,1
"Q9NVQ4",1,1,1
"Q8N573",1,0,0
"Q9NPJ6",1,1,1
"P82664",1,1,1
"P06703",1,1,1
"Q9BUT1",1,1,1
"Q9BSU3",0,0,0
"Q9H3H3",1,1,1
"Q9GZN8",1,1,1
"O15162",1,1,1
"Q13107",1,0,1
"Q8TCC3",1,1,1
"Q9H4K7",1,1,1
"Q9Y320",1,1,1
"Q8IXQ4",1,1,1
"Q9Y3A3",1,1,1
"Q9BW83",1,1,1
"Q9ULC3",1,1,1
"Q9H5V9",1,1,1
"Q96AT1",1,1,1
"Q9HCN8",1,1,1
"Q53FT3",1,1,1
"Q8TCD5",1,1,1
"Q13613",1,1,1
"P60468",1,1,1
"Q9BSL1",1,1,1
"O75648",1,1,1
"Q92889",1,1,1
"P62857",1,1,1
"O15379",1,1,1
"Q99549",1,1,1
"A0A1B0GUS4",0,0,0
"Q00765",1,1,1
"Q9BZL4",1,0,1
"P86791",1,1,1
"P86790",1,1,1
"Q9NWX6",1,1,1
"Q7L5Y9",1,1,1
"Q6PL24",1,1,1
"Q6IQ22",1,1,1
"Q9UIC8",1,1,1
"P0CG12",1,1,1
"Q9NZW5",1,1,1
"Q9BPX6",1,1,1
"P35080",1,1,1
"P60903",1,1,1
"Q6PID6",1,1,1
"Q9Y547",1,1,1
"Q9NRY2",1,1,0
"Q13257",1,1,1
"Q8N6N3",1,1,1
"Q9Y6H1",1,1,1
"Q8WVC0",1,1,1
"Q9UNY4",0,0,1
"O43149",0,0,1
"Q70E73",1,1,1
"Q9BQ61",1,1,1
"Q86Y79",1,1,1
"O43913",1,1,1
"Q9BU02",1,1,1
"Q9Y5X2",1,1,1
"Q12894",1,1,1
"P02462",1,1,1
"Q9H3K2",1,1,1
"P13473",1,1,1
"Q8TCF1",1,1,1
"P62841",1,1,1
"Q96BD5",1,1,1
"Q86Y82",1,1,1
"P67812",1,1,1
"Q15025",1,1,1
"O43896",0,1,0
"Q9P031",1,1,1
"Q9NV88",1,1,1
"P63027",1,1,1
"P10620",1,1,1
"Q15382",1,1,1
"Q4KMP7",1,0,1
"Q8NBM4",1,1,1
"Q96BK5",1,1,1
"Q9UJC3",1,1,1
"Q6NZ67",1,1,1
"Q6P582",1,1,1
"O43181",1,1,0
"Q15434",1,1,1
"P61457",1,1,1
"Q9NX08",1,1,1
"O43920",1,1,1
"Q9BTE1",1,1,1
"Q96N21",1,1,1
"P61009",1,1,1
"P83436",1,1,1
"O00469",0,1,1
"P55196",1,1,1
"Q9NWW5",1,1,1
"Q69YQ0",1,1,1
"O00115",1,1,1
"Q9UMZ2",0,1,0
"P11441",1,1,1
"Q5VZF2",0,1,0
"Q9Y5B8",1,1,1
"Q96S44",1,1,1
"Q9NZJ9",1,1,1
"Q9BWE0",1,1,1
"Q9P0U4",1,1,1
"Q8NHQ9",1,1,1
"O14662",1,1,1
"Q9BUN8",1,1,1
"Q8N2G8",0,1,1
"Q9GZT9",1,1,1
"Q9UET6",1,1,1
"P27144",1,1,1
"Q9HD33",1,1,1
"Q96RL1",1,1,0
"Q8WY22",1,1,1
"Q6EEV4",1,1,1
"Q7LGA3",1,1,1
"P06241",0,0,0
"Q969S9",1,1,1
"P61960",1,1,1
"Q6P1X5",1,0,0
"Q96DM3",0,1,1
"Q8WVK2",1,1,1
"P25054",0,0,0
"Q658P3",1,1,1
"Q03001",0,1,1
"Q01968",1,1,1
"Q08623",1,1,1
"Q6SPF0",1,1,1
"Q9BRQ0",1,1,1
"P84243",0,0,0
"Q9NYU1",0,1,0
"Q9UKB3",1,1,1
"P14649",0,1,0
"Q9NUP1",1,1,1
"Q9P219",1,0,0
"Q16540",1,1,1
"P49840",0,1,1
"Q96SB8",1,0,1
"P07305",1,1,1
"P62877",1,1,1
"P10746",1,1,1
"O95182",1,1,1
"Q8WZ82",1,1,1
"Q13641",1,1,1
"Q66PJ3",1,1,1
"Q9H9Q4",1,1,1
"Q9BVV7",1,1,1
"Q14790",1,1,1
"Q96EV8",1,1,1
"Q6VMQ6",1,0,1
"Q9Y530",1,1,1
"P16220",1,1,1
"Q9BRG1",1,1,1
"Q5JUR7",1,1,1
"O14907",1,1,1
"Q13557",0,0,0
"P82094",1,1,1
"Q9UHW9",1,1,0
"Q9BUZ4",1,1,1
"Q9Y3C4",1,1,1
"Q9Y2L5",0,1,1
"P21589",1,0,1
"P05114",1,1,1
"P62310",1,1,1
"P04745",1,1,1
"P04746",1,1,1
"P19961",1,1,1
"Q9BT17",1,1,1
"Q9Y2Q9",1,1,1
"Q6QNY1",1,1,1
"Q9UGM6",1,1,0
"Q9NQP4",1,1,1
"O43709",1,1,1
"P52943",1,1,1
"Q8WWC4",1,1,1
"P78549",1,1,1
"Q8TEW0",1,0,1
"Q9BUK6",1,1,1
"Q9H490",1,1,1
"O94880",1,1,1
"Q9H1Y0",1,1,1
"Q9BVA0",0,1,1
"P07108",1,1,1
"O75964",1,1,1
"Q9BS40",1,1,1
"P53350",1,1,1
"O43617",1,1,1
"Q9H3Z4",1,1,1
"Q9H8V3",1,0,0
"O75665",1,1,0
"Q16773",1,1,0
"Q8TF01",1,1,1
"P19256",1,1,1
"Q9NX70",1,1,1
"Q7Z7H8",1,1,1
"Q9Y580",1,1,1
"O75348",1,1,1
"Q9Y2C4",1,1,1
"O60675",1,1,1
"Q96EY4",1,1,1
"Q9UIV1",1,1,1
"P78345",1,1,1
"Q96EU6",1,1,1
"Q5W111",0,0,0
"Q14149",1,1,1
"Q6QNY0",1,1,1
"Q96EY5",1,1,1
"Q2NKX8",1,1,1
"Q5T5U3",0,0,1
"Q15276",1,1,1
"Q9HB19",1,1,1
"Q9Y3D3",1,1,1
"P49247",1,1,1
"Q5VSL9",1,1,1
"O95989",1,1,1
"P51809",1,1,1
"Q6UW68",1,1,1
"Q6ZVM7",1,1,1
"Q9ULI2",1,1,1
"O00287",1,1,1
"O43678",1,1,1
"Q9Y2Q5",1,1,1
"Q7Z6J9",1,1,1
"P0CAP2",1,1,1
"Q9BZD3",1,1,1
"Q12959",1,1,1
"Q9Y6A4",1,1,1
"O43474",0,1,1
"Q6P4E1",1,1,1
"Q09472",0,0,1
"O15091",1,1,0
"O00483",1,1,1
"Q8WU76",1,1,0
"Q96MH2",1,0,1
"Q9Y5J6",1,1,1
"Q8N1B4",1,1,1
"Q9NP66",1,1,1
"O96028",0,1,0
"Q9BWJ5",1,1,1
"Q9H7Z6",1,1,1
"Q9H4Z3",1,1,1
"Q9Y6G5",1,1,1
"P63098",1,1,1
"Q9NV96",1,1,1
"Q9H7C9",1,1,1
"Q9UKT5",1,1,1
"O15014",1,1,1
"Q9NXA8",1,1,1
"Q9UMR5",1,1,1
"O75251",1,1,1
"Q96MX6",1,1,1
"Q9UNK0",1,1,1
"Q9BTD8",1,1,1
"P23511",1,1,1
"O75695",1,1,1
"Q96RT8",1,1,1
"Q8WVX9",1,1,1
"Q99504",1,1,1
"O75915",1,1,1
"O00560",1,1,1
"Q9BYC8",1,1,1
"Q13049",0,1,1
"P49137",1,1,1
"Q8NCF5",1,1,0
"Q14114",1,1,1
"Q13542",0,0,1
"Q9BV23",1,1,1
"Q96RN5",1,1,1
"Q9H1K0",0,1,1
"Q15361",1,1,1
"Q13433",1,1,1
"P82914",1,1,1
"Q9Y2R0",1,1,1
"Q99943",1,1,0
"P11169",1,1,1
"O15066",1,0,1
"P51946",1,1,1
"Q6P1K8",1,1,1
"Q13888",1,1,1
"Q96B36",1,1,1
"Q8NI60",1,1,1
"P54802",1,1,1
"Q96NB2",1,1,1
"Q9NS91",1,1,1
"Q9Y672",1,1,1
"O15127",1,1,1
"Q5T8I3",1,1,1
"Q9UGU5",1,1,1
"Q96P47",1,1,1
"Q96HR8",1,0,1
"Q9BYN0",1,1,1
"Q8WTW3",0,1,1
"P02795",1,1,1
"Q86UU0",1,1,1
"Q5VW38",1,1,1
"Q9H330",1,1,1
"Q01629",0,0,0
"Q6UXH1",1,1,1
"O95167",1,1,1
"P68402",1,1,1
"Q49B96",1,1,1
"Q9BSF4",1,1,1
"Q99523",1,1,1
"Q7Z7L1",1,1,1
"P04004",1,1,1
"Q9BT25",1,1,1
"Q8NDX6",1,0,0
"Q9Y483",1,0,0
"P31431",1,1,1
"Q9P2K3",0,0,0
"Q8IXM6",1,1,1
"O95363",1,1,1
"Q9Y2X0",1,1,1
"Q9Y3D8",1,1,1
"P83881",1,1,1
"Q9P253",1,1,1
"Q8TED1",1,1,1
"Q8WWH5",1,1,1
"Q99447",1,1,1
"Q13625",1,1,1
"P50135",1,1,1
"Q9UMY1",1,1,1
"O14734",1,1,1
"Q96BJ3",1,1,1
"Q969P0",1,0,1
"Q9Y6G3",1,1,1
"Q8IZ21",1,1,1
"O14735",1,1,1
"Q8WW01",1,1,1
"O43805",1,1,1
"Q9Y4Y9",1,1,1
"Q4G0F5",1,1,1
"Q53S33",1,1,1
"Q9BUR5",0,1,1
"Q9NZ43",1,1,1
"P20962",1,1,1
"Q969Q0",0,0,0
"Q96JB2",1,1,1
"P56589",1,1,1
"O75157",1,1,1
"Q9BX10",1,1,1
"Q9H098",1,1,1
"Q8WVT3",1,0,1
"Q8NBK3",1,1,1
"Q8N9N8",1,1,1
"P60033",1,1,1
"Q96GC5",1,1,1
"O95168",1,1,1
"P05062",1,1,1
"Q7Z7K0",1,1,1
"P05543",1,1,1
"Q5K4L6",0,1,1
"O14893",1,1,1
"Q14185",1,1,1
"Q8NBP7",1,0,1
"Q9NSV4",1,1,1
"Q9UL26",1,0,1
"Q96QD9",1,1,1
"Q9NX47",1,1,1
"Q9C005",1,1,1
"Q9H6V9",1,1,1
"P51159",1,1,1
"Q9Y291",1,1,1
"Q96K37",1,1,1
"Q9BRD0",1,1,1
"Q86SX6",1,1,1
"Q8NDD1",1,1,1
"Q9H0A8",1,1,1
"P23434",1,1,1
"O95263",1,1,1
"P0DPK4",0,1,0
"Q7Z3S9",0,1,0
"P0DPK3",0,1,0
"P38435",1,1,0
"Q9H9H4",1,1,1
"Q13444",1,1,1
"Q6P1L8",1,1,1
"Q147X3",1,1,1
"Q9HCE5",1,1,1
"O60671",1,1,1
"Q9H8G2",1,1,1
"Q9UKZ1",1,1,1
"P17152",1,1,1
"Q15014",1,1,1
"Q13370",1,1,0
"Q96GX2",1,1,1
"Q9C0F1",1,1,1
"Q3V6T2",0,0,1
"Q8IUF1",1,1,1
"Q5JTY5",1,1,1
"Q4V339",1,1,1
"Q5RIA9",1,1,1
"Q9BRT8",1,1,1
"Q96IX5",1,1,1
"Q7Z6K5",1,1,1
"Q9BYW2",1,1,1
"Q9NUP7",1,1,1
"P15408",1,1,1
"Q9Y294",1,1,1
"P55199",1,1,0
"O95208",1,1,1
"P51965",1,1,1
"Q53T59",1,1,1
"Q8WUI4",1,1,1
"P56556",1,1,1
"P14209",1,1,1
"Q9NWV4",1,1,1
"Q12857",1,1,0
"Q9BVK2",1,1,1
"Q9Y3D6",1,1,1
"Q8WV74",1,1,0
"O75446",1,1,1
"Q99797",1,1,1
"O43379",1,1,1
"Q9Y3C7",1,1,1
"Q9Y324",1,1,1
"O60294",1,1,0
"Q8NC60",1,0,1
"O43657",1,1,1
"O75674",1,0,1
"Q5PRF9",0,1,1
"Q9Y5J9",1,1,1
"Q9Y5R8",1,1,1
"Q9Y6B7",1,1,1
"Q9UEY8",1,0,1
"Q8TD30",1,1,1
"Q8IZQ5",1,1,1
"P48067",1,1,1
"O95865",1,1,1
"Q92817",1,1,1
"P80297",1,1,1
"P25098",0,1,1
"O95059",1,1,1
"O00459",0,1,0
"Q96MG7",1,0,0
"Q15052",1,0,0
"Q5BKU9",1,1,1
"Q8WUX9",1,1,1
"Q12982",1,1,1
"P04732",1,1,1
"Q13315",1,1,1
"P43378",1,1,1
"Q14657",1,1,1
"O94916",0,1,0
"Q75N03",1,1,1
"P43155",1,1,1
"Q9UGP4",0,1,1
"Q96CB9",1,1,1
"Q15633",1,1,1
"P13051",1,1,1
"Q7Z5J4",0,0,0
"Q92766",1,1,1
"Q9NUL7",1,1,1
"P61956",1,1,1
"Q9Y2R5",1,1,1
"Q9Y6A9",1,1,1
"P54852",1,1,1
"P35226",0,1,0
"Q7L266",0,0,1
"Q9NPA3",1,1,1
"Q9UNN8",1,1,1
"Q9Y6N1",1,1,1
"Q15004",1,1,1
"Q13043",1,1,0
"Q96Q05",1,1,1
"O43318",0,1,0
"O75688",1,1,1
"P09038",1,1,1
"Q15121",1,1,1
"O75817",1,1,1
"Q04941",1,1,1
"Q9UHA3",1,1,1
"Q6Y288",0,1,1
"O14949",1,1,1
"Q9NZN4",1,1,1
"A6NKF1",1,1,1
"A1X283",1,1,1
"P0DPD7",1,1,1
"P51884",1,1,1
"Q8N5M9",1,1,1
"Q9UK58",1,1,1
"Q15750",1,1,1
"Q9BTL3",1,1,1
"P61803",1,1,1
"Q9P0S9",1,1,1
"Q969Q5",0,0,1
"O75880",1,1,1
"P07358",1,1,1
"Q16790",1,1,0
"Q92901",0,0,0
"P82912",1,1,1
"Q9Y6X9",1,1,1
"Q6KB66",1,1,1
"O43715",1,1,1
"Q9C0B0",1,0,0
"O15431",1,1,1
"Q13084",1,1,1
"Q96CD2",1,1,1
"Q03111",1,1,1
"Q8IV08",1,1,1
"Q9P0R6",1,1,1
"O95379",1,1,1
"Q9HBI1",0,1,0
"Q05932",1,1,1
"O75886",1,1,1
"Q13188",1,1,0
"O60583",0,0,1
"Q9UBN7",1,1,1
"Q9P2B4",1,0,0
"Q99707",1,0,1
"O95619",1,1,1
"Q5T280",1,1,1
"P83111",1,0,1
"Q8NC96",1,1,1
"O95628",1,1,1
"Q86WX3",1,1,1
"Q8WWK9",1,1,1
"Q9BU76",1,1,1
"Q9Y4E6",0,1,1
"P15735",1,1,1
"Q9BYC9",1,1,1
"Q86U90",1,1,1
"O95684",1,1,1
"Q96CF2",1,0,0
"P08572",1,1,1
"Q567U6",1,1,1
"Q01658",1,1,1
"Q9UPM8",1,1,1
"P30414",1,0,1
"P05165",1,1,1
"Q96GD0",1,1,1
"Q9NVR2",1,1,1
"O43665",1,1,1
"Q9NRX5",1,1,1
"Q7L1W4",1,1,1
"Q5T440",1,0,1
"Q9P0K7",1,1,1
"O43808",1,1,1
"Q9UDW1",1,1,1
"O15155",1,1,1
"Q9BXK1",1,1,1
"Q9H4A5",1,0,1
"Q9NVX0",1,1,1
"Q12774",1,1,1
"Q9Y2H0",1,1,1
"Q5MNZ6",1,1,1
"Q9Y5Y0",1,1,1
"Q8TB61",1,1,1
"P50613",1,1,1
"Q9Y2V7",1,1,1
"O75394",1,1,1
"Q01664",1,1,1
"O60925",1,1,1
"P49356",1,1,1
"Q3ZAQ7",1,1,1
"P62072",1,1,1
"Q96L91",1,0,0
"Q7Z4H3",1,1,1
"O14641",1,1,1
"P53801",1,1,1
"Q5JPI9",1,1,1
"Q9BYK8",1,1,1
"Q8NBI6",1,1,1
"Q15797",1,0,1
"Q14119",1,0,0
"Q01167",0,0,1
"Q14689",1,0,0
"P48730",0,1,0
"P55854",1,1,0
"Q96G28",1,1,1
"Q86WA6",1,1,1
"P60484",1,1,1
"Q16831",1,1,1
"Q9BRL6",1,1,1
"Q86XK2",0,0,0
"Q8NHP6",1,1,0
"P40424",1,1,1
"P00395",1,1,1
"Q96B54",1,1,1
"Q8WXD5",1,1,1
"Q8TAD8",1,1,1
"P27707",1,1,1
"Q6ZRQ5",0,0,0
"Q9BVL4",1,1,1
"Q9H1D9",1,1,1
"O95714",1,0,1
"O14910",0,1,0
"O14972",1,1,1
"Q9P0W2",1,1,1
"Q86YT6",1,1,1
"Q9NY35",1,1,1
"Q96J42",1,1,0
"Q15047",1,0,1
"Q9Y3E7",1,1,1
"Q9P0M6",0,1,0
"P40337",1,1,1
"P82932",1,1,1
"P62256",1,1,1
"P49815",1,1,1
"P49674",0,1,0
"P23610",1,1,0
"Q8NB49",1,1,1
"Q8IWA4",1,1,1
"Q92619",0,1,0
"P48454",1,0,0
"Q9UKK6",1,1,1
"P53609",1,1,1
"P49069",1,1,1
"Q9UBV8",1,1,1
"Q5HYI8",0,1,1
"O95298",1,1,1
"Q92743",1,1,1
"Q9BQE9",1,1,1
"P30049",1,1,1
"Q15653",1,1,0
"Q8NEM2",1,1,1
"P32121",1,1,1
"Q0PNE2",1,1,1
"Q96AA3",1,1,1
"Q15404",1,1,1
"Q96HV5",1,1,1
"Q9Y4P8",0,1,1
"Q9Y3E2",1,0,1
"P02042",1,1,1
"P68871",1,1,1
"Q5UCC4",1,1,1
"Q5T3J3",1,1,0
"P0CG30",1,1,1
"P0CG29",1,1,1
"Q969F9",0,0,1
"O94986",0,0,0
"P62851",1,1,1
"Q9BRP1",1,1,1
"Q9H269",1,1,1
"P22681",1,1,1
"Q9UP83",1,1,1
"P17544",1,1,1
"P55789",1,1,1
"Q96AB3",1,1,1
"O14777",1,0,1
"Q8WUF8",0,0,1
"P82921",1,1,1
"Q14520",1,1,1
"Q9BVW5",0,0,0
"O94763",1,1,1
"O43676",1,1,1
"Q86US8",1,1,0
"P47914",1,1,1
"Q9BVM2",1,1,1
"Q6ZNJ1",1,0,0
"Q96ND0",1,1,1
"Q4U2R6",1,1,1
"Q9Y618",1,0,0
"O00255",1,1,1
"Q99643",1,1,1
"Q96NC0",1,1,1
"Q8IW45",0,1,1
"O15235",1,1,1
"O75554",1,1,1
"Q8TBF4",0,0,1
"Q9ULI0",0,0,0
"Q7L523",1,1,0
"Q8TEU7",1,0,1
"Q13017",1,0,1
"P61077",0,0,1
"P62837",0,0,1
"Q9H270",1,1,1
"Q86SZ2",1,1,1
"O75531",1,1,1
"P62308",1,1,1
"A8MWD9",1,1,1
"P51790",1,1,0
"Q13393",1,1,1
"P61024",1,1,1
"Q92692",1,0,0
"Q13530",1,1,1
"Q96RS0",1,0,0
"Q7Z422",1,1,1
"Q8NDI1",0,1,0
"Q96S19",1,1,1
"P62312",1,1,1
"Q9BVS5",1,1,0
"Q5VT66",1,1,1
"Q5JPH6",1,0,1
"Q96S97",1,1,1
"Q712K3",1,1,1
"P13716",1,1,1
"A8MPP1",1,0,0
"Q96FC9",1,0,0
"O43299",0,0,0
"Q9Y487",1,1,1
"O43414",1,1,1
"P60059",1,1,1
"Q8NDT2",1,1,0
"Q9NXS2",1,0,1
"Q9HD26",1,1,1
"Q9NVX7",1,1,1
"Q8WXA3",0,0,1
"Q9BQC3",1,1,1
"P49427",1,1,1
"Q9P0S3",1,1,1
"Q53FV1",1,1,1
"Q9H6Q4",1,1,0
"Q9H0E3",1,1,1
"Q9ULW3",1,1,1
"Q16626",1,1,1
"Q9NWM8",1,1,1
"Q9UQR1",1,1,1
"P56385",1,1,1
"P01008",1,1,1
"Q9UL54",1,0,0
"Q9P206",1,1,1
"P07711",1,1,1
"Q15303",1,0,0
"Q969T9",1,1,1
"Q5TC12",0,0,1
"O95249",1,1,1
"Q8N954",1,1,1
"Q15723",1,0,0
"O75438",1,1,1
"Q92485",1,1,0
"Q9H0N5",1,1,1
"O00712",1,0,0
"Q96JY6",0,0,1
"P06746",0,1,1
"Q9UHW5",1,1,0
"P15151",1,1,1
"Q12899",0,0,1
"O95429",1,1,1
"Q9H299",1,1,1
"O14493",1,1,1
"Q9Y2D4",1,1,1
"Q9UJF2",1,1,1
"Q9H6Y7",0,0,1
"Q9Y3C8",1,1,1
"O14548",1,1,1
"Q6ZW49",0,1,1
"O60244",1,1,1
"O75629",1,1,0
"P02771",1,1,1
"Q9H1A7",1,1,0
"Q9GZM3",1,1,0
"P52435",1,1,0
"O60331",1,1,1
"Q3SXM5",1,1,1
"P20851",1,1,1
"Q8WU10",1,0,1
"Q9BR61",1,1,1
"Q96B77",1,1,0
"P29558",1,1,1
"P02649",1,1,1
"P21953",1,0,0
"Q9BQA9",1,1,1
"Q9UKD1",1,1,1
"P46527",1,1,0
"Q9BZE9",1,1,0
"Q6P4Q7",0,0,0
"Q7Z6I8",1,1,1
"Q9NVM4",0,0,1
"P49407",1,1,1
"P28702",1,1,1
"Q9NRA8",0,1,0
"Q9NWZ8",1,1,1
"Q68CZ6",1,1,1
"Q13889",1,1,1
"Q96GW9",0,1,0
"P48681",1,1,1
"Q9H2H9",1,1,1
"P24386",1,1,1
"Q9BY41",1,1,1
"Q9NP64",1,1,1
"Q9NNW5",1,1,1
"P56282",1,1,0
"Q6YP21",1,1,1
"Q9NRY4",1,0,0
"O43772",1,1,1
"Q99720",1,1,1
"Q9UBF6",1,1,1
"Q8N357",1,1,1
"Q96EP0",1,0,0
"Q15714",1,1,1
"O14684",1,1,1
"P60602",1,1,1
"Q13158",1,0,1
"Q7Z3C6",1,0,0
"Q75QN2",0,0,0
"P42773",1,1,1
"O15504",1,1,1
"Q9NUM4",1,1,1
"Q16595",1,1,1
"O14874",1,0,0
"Q9H7L9",1,1,1
"Q9H0W8",0,1,1
"Q8IXQ3",1,1,1
"Q15125",1,1,1
"Q9H944",1,1,1
"O94832",0,0,0
"O00488",1,1,1
"Q9Y666",1,0,0
"Q17RY0",1,1,1
"Q96AJ9",1,1,1
"Q6UW02",0,1,0
"Q96NB3",1,1,1
"Q92696",1,1,1
"P84157",1,1,0
"Q9Y6M4",1,1,1
"Q9BRT3",1,1,1
"Q9UQ90",1,1,0
"Q12872",1,1,1
"P32856",1,1,1
"Q92613",0,1,1
"Q96AQ8",1,1,1
"Q7Z6B7",0,1,1
"Q9BVG9",1,1,1
"O43653",1,1,1
"O95721",1,1,1
"O14730",0,1,1
"O60725",1,1,1
"Q96GQ5",1,1,1
"Q86XA9",0,1,0
"Q9NPL8",1,0,1
"Q86YS7",1,0,1
"Q9H1C4",1,1,1
"O95274",1,1,1
"Q86VI3",0,0,0
"Q8NCE0",1,1,1
"Q9BU23",1,1,1
"P02788",1,1,1
"P55212",0,0,0
"Q5SXM8",1,1,0
"Q8NG31",1,1,0
"P06213",0,0,0
"Q7Z7C8",1,1,1
"Q9NPA8",1,1,1
"Q8IYQ7",0,1,1
"O14965",0,0,0
"Q9Y2G8",1,0,0
"P52630",1,1,1
"P30613",0,0,0
"P39880",0,0,0
"Q8N8U2",1,1,0
"P47224",1,1,1
"P47736",0,1,1
"Q13232",1,1,1
"Q9P2X0",1,1,1
"Q9UHC7",1,1,1
"P62304",1,1,1
"Q6PJ69",1,1,1
"Q96QE5",1,1,1
"Q96DE5",1,1,1
"P02679",1,1,0
"Q5T0F9",1,0,0
"Q86WJ1",1,0,0
"P17028",1,1,1
"Q14457",1,1,1
"Q9NPD8",1,1,1
"Q9H6E4",1,1,1
"Q9UGR2",0,1,1
"O15403",0,1,1
"P05546",1,1,1
"Q6P1X6",1,0,1
"Q8N5A5",1,0,0
"P62273",1,1,1
"Q6P1Q0",1,1,1
"Q9Y3X0",1,0,0
"Q9P2W9",1,1,1
"Q8NE01",1,1,1
"P63313",1,1,1
"Q6PCB5",0,1,0
"Q86VQ1",1,1,1
"P0CG08",1,1,1
"B7ZAQ6",1,1,1
"Q9H0U6",1,1,1
"Q9BVG8",0,0,0
"Q9BUT9",1,0,1
"Q9UDX5",0,1,1
"P78380",1,1,1
"Q8NFV4",1,1,1
"O00391",1,1,1
"Q15345",0,1,0
"Q9H1I8",1,1,1
"Q16875",0,0,0
"Q9H0X9",0,1,0
"Q3KQV9",1,0,0
"Q96BQ5",1,1,1
"Q8IX03",0,0,0
"Q6NXT1",1,1,1
"P54252",1,1,1
"Q86X83",1,1,1
"Q9NSU2",1,1,1
"Q9BZK3",1,1,1
"Q9NQ92",1,0,1
"Q96Q15",1,1,1
"Q9Y3C0",1,1,1
"Q9H2K8",0,1,1
"Q9H0R4",0,0,1
"O60927",0,0,0
"Q9Y3E0",1,1,1
"O75582",0,1,1
"P42766",1,1,1
"Q8ND82",1,1,1
"Q9Y584",1,0,1
"Q9Y6J9",0,0,1
"Q9NZD2",1,1,1
"P60520",1,1,1
"Q9NVH0",0,0,0
"Q6PI98",0,0,0
"Q96PZ2",1,1,0
"O95070",1,1,1
"Q8N668",1,1,1
"Q9UEU0",1,1,1
"Q14624",1,1,1
"Q13426",1,1,1
"Q17R31",1,0,0
"P58557",1,1,1
"P04424",1,1,1
"Q9Y5U2",1,1,1
"P51668",1,0,1
"Q9Y2X8",1,0,1
"P45984",1,1,0
"Q9BRT6",1,1,1
"P23025",1,1,1
"Q9NZJ7",1,1,1
"Q8N138",1,1,0
"Q9BSU1",0,1,0
"Q96R06",1,1,1
"Q9H6H4",1,1,1
"O14733",1,0,1
"Q56P03",1,1,1
"Q13356",0,1,0
"Q9NUN5",1,1,1
"Q03426",1,1,1
"Q68DH5",1,0,1
"Q9UKU7",0,0,1
"Q6P161",1,1,1
"Q9UM22",1,1,1
"P26374",1,1,1
"O75379",0,0,0
"Q9NS18",1,1,1
"Q17RY6",0,1,1
"Q9H2V7",1,1,0
"Q8TA86",1,1,1
"Q96HP4",0,1,1
"Q96EL2",1,1,0
"P69891",0,0,1
"P69892",0,0,1
"P02100",0,0,1
"Q9Y6N7",0,0,0
"Q7LG56",0,0,0
"P56377",0,1,1
"Q9NYZ1",1,1,1
"Q9NYB9",0,0,0
"P49459",1,1,1
"Q5JU69",1,1,1
"Q8WU79",1,0,1
"Q7LBR1",1,1,1
"Q96MU7",1,0,1
"Q9Y5U9",1,1,1
"Q969M3",1,1,1
"Q13395",0,1,1
"Q9Y388",1,1,1
"Q9HB21",1,1,1
"P08962",1,1,1
"Q8NBZ7",0,0,0
"P17535",1,1,1
"Q15751",0,0,1
"O95563",1,1,1
"Q9HAT2",1,1,1
"Q6GQQ9",1,1,1
"Q9NPH0",1,1,1
"O75600",1,0,1
"Q86UE8",1,0,0
"Q9NZ09",1,1,0
"Q96CU9",1,1,1
"Q03188",0,0,1
"Q02447",1,1,0
"P46531",0,0,0
"Q5HYJ3",1,0,0
"P27540",0,1,1
"Q9BWW4",1,1,1
"P63173",1,1,1
"Q16134",0,0,0
"Q8IX18",0,0,0
"Q13948",0,0,0
"Q96ME1",0,0,1
"O95905",1,0,1
"Q4G148",0,0,0
"Q9NRG0",1,1,1
"P02647",1,1,1
"Q92685",1,1,1
"Q9Y484",1,1,1
"P56270",1,1,1
"P98160",0,1,1
"Q8TB52",1,1,1
"Q96BD0",1,1,1
"Q13303",1,1,1
"Q92610",1,0,1
"Q6PCE3",1,1,1
"P35869",0,0,0
"P14621",1,1,1
"Q96QE3",0,1,0
"E9PRG8",1,1,1
"O14653",1,1,1
"Q9BZ95",0,0,0
"Q9H4I3",1,1,1
"Q9NRS6",0,0,0
"Q8NG08",0,1,0
"Q96GC9",1,1,1
"P31321",1,1,1
"Q9P003",1,1,1
"Q8WUZ0",1,1,0
"Q9UKI8",0,0,0
"Q5BJF2",1,1,1
"Q9H173",0,0,1
"Q02388",0,0,1
"Q96SW2",1,1,1
"Q8N0Z6",1,1,1
"O95670",0,0,1
"Q8N4H5",1,1,1
"Q01581",1,0,0
"Q15542",1,1,1
"Q9Y535",1,1,1
"Q5VV52",1,0,0
"Q9BTT4",1,0,1
"Q86WV6",1,1,1
"Q99715",0,0,1
"Q9ULG6",1,0,1
"P18846",0,0,0
"Q5T0W9",1,1,0
"Q86YV9",1,1,1
"P29350",1,1,0
"Q6ZRV2",0,0,0
"O75962",0,0,0
"Q9BZE2",1,1,0
"O95999",0,1,1
"Q96D71",1,0,1
"Q9Y244",1,1,1
"Q7Z589",1,0,0
"Q7RTP0",1,1,1
"Q9UHA4",1,0,1
"Q9NUK0",0,0,0
"Q9Y4C2",1,0,1
"O94864",1,0,0
"P54098",0,0,0
"P62875",1,1,1
"Q2PZI1",1,1,0
"Q8N0U8",1,1,0
"P48200",1,1,0
"O43760",1,1,1
"Q5BJH7",1,1,1
"Q6NW29",1,1,1
"Q04864",1,1,1
"O95243",0,0,1
"Q9UKR5",1,1,1
"Q8WUR7",1,1,1
"Q9HBD1",0,0,0
"O43422",1,1,1
"Q8TCZ2",0,1,1
"P46020",0,1,0
"Q8N9R8",1,0,1
"Q9ULC5",1,1,0
"Q96HD1",0,1,1
"Q6DKK2",1,0,1
"Q9NRG7",1,1,1
"P52739",0,1,0
"Q13361",1,1,0
"Q9HAN9",0,1,1
"P15169",1,1,1
"P55061",1,1,1
"Q9C086",1,1,1
"P16930",0,0,1
"Q9NZI6",0,0,0
"Q86TS9",1,0,0
"Q96HJ9",1,1,1
"Q6ZN55",0,0,0
"Q9UBT7",0,0,0
"Q9UK45",1,1,1
"P52655",1,1,1
"Q8N8N7",1,1,1
"Q6A1A2",1,0,0
"O15530",1,0,0
"Q9Y2H1",0,1,0
"Q8TCT8",1,1,1
"Q8IUF8",0,0,1
"P03886",1,1,0
"Q9UBI1",1,1,1
"Q5PSV4",0,0,1
"Q13488",0,1,1
"Q86VR2",0,0,0
"Q96BW5",1,1,0
"A6NED2",1,1,1
"O96033",1,1,1
"Q96FJ0",0,1,1
"Q6NSJ5",0,1,1
"Q9BVC3",0,1,1
"Q9HA47",0,0,1
"O75127",0,1,1
"Q9GZQ3",1,1,1
"P00156",1,1,1
"Q9BQD3",1,1,1
"Q9H9L4",0,0,1
"Q9P1F3",1,1,1
"Q9H2D6",0,0,0
"P56962",1,1,1
"P50747",1,0,0
"Q96E29",1,1,1
"P10643",1,1,1
"Q9BQB6",1,1,1
"O75177",1,1,0
"P42679",0,0,0
"Q15311",1,1,1
"Q16774",1,1,1
"Q5SWA1",0,1,0
"Q5C9Z4",1,0,0
"Q2VPK5",0,1,1
"Q96EX3",1,1,1
"P98196",1,0,0
"Q9UK22",1,0,1
"Q8IYS2",1,1,1
"Q9BQ48",1,1,1
"Q96IG2",1,0,1
"Q8NDC0",1,1,1
"Q9GZU1",0,0,0
"Q9BPZ7",0,0,1
"Q96BX8",1,1,1
"Q9BX95",0,1,1
"P47974",0,0,0
"Q8IWT0",1,0,1
"P09669",1,1,1
"Q9NUG6",1,1,1
"Q17RN3",1,1,1
"Q9UBM1",0,0,0
"P03897",1,1,1
"A1L390",1,1,1
"Q8N9M1",1,0,1
"Q9HBH1",1,1,1
"Q8N6L1",1,1,1
"Q96EM0",1,1,1
"O95544",0,1,0
"Q9Y6Q9",0,0,0
"P45877",1,1,1
"A4D1P6",1,0,0
"Q86UL3",1,1,1
"Q96FZ2",1,0,1
"Q15388",1,1,1
"Q8N5S9",1,1,1
"P03923",0,0,1
"Q9HBE1",1,0,0
"Q6V1X1",1,0,0
"Q9UFG5",1,1,0
"P19634",0,1,1
"Q92794",0,0,0
"O43314",1,1,0
"Q9H875",1,1,0
"Q9H0X4",1,1,0
"Q86X10",1,0,1
"Q86WA8",0,1,0
"P50238",1,1,1
"Q9Y4L5",1,0,1
"Q99519",1,0,0
"O43524",0,0,0
"Q9H840",1,1,1
"Q96SI1",1,0,1
"Q9P2C4",1,1,1
"Q8TF64",0,0,1
"P00746",1,0,0
"Q8IZ81",0,0,0
"P13284",1,1,1
"Q96RL7",0,0,1
"Q969E8",1,1,1
"Q69YH5",1,0,0
"Q9NQH7",0,0,0
"Q9ULV0",0,1,0
"P78560",1,1,1
"Q96HA7",0,0,0
"P39210",1,1,1
"P49761",1,1,1
"Q6IBW4",1,1,1
"P09914",0,0,0
"Q14728",1,1,1
"Q9H0R8",0,0,1
"Q9UNL2",1,1,1
"P0C2W1",1,0,1
"P56937",1,1,0
"Q14061",1,1,1
"Q9NX62",1,1,1
"Q5VIR6",1,0,1
"Q12882",1,0,0
"Q6P087",1,1,0
"Q9NYP7",1,1,1
"O00400",1,1,1
"Q6XZF7",1,0,0
"Q15628",1,1,1
"P34947",1,0,0
"O95671",1,0,0
"Q15843",1,1,1
"Q9Y342",0,1,1
"P62328",1,1,1
"Q8WUH1",1,1,1
"Q03393",1,1,1
"Q8TAA9",1,1,1
"Q9NRG1",0,1,0
"A0PJW6",1,1,1
"Q9Y4K1",0,0,0
"Q6NUT3",0,1,0
"Q9Y2Y0",1,1,1
"P53602",1,1,0
"Q9NZE8",1,1,1
"Q9Y4K3",1,1,0
"P60002",1,1,1
"Q6P4R8",1,1,1
"Q8N1G0",1,0,1
"Q86W92",1,0,1
"Q9BQG2",1,1,1
"O75319",0,1,0
"P51617",0,0,1
"Q5TEU4",1,0,0
"Q9BZ23",1,1,1
"Q6T4R5",0,0,0
"Q8TCU6",0,0,0
"Q8N128",0,0,0
"Q0VG06",0,1,1
"P20774",1,1,1
"Q02086",0,0,1
"P30291",0,0,0
"Q6PH81",1,1,1
"Q5BJD5",1,1,1
"Q9H000",1,1,0
"P48509",1,1,1
"Q9P227",0,0,0
"P07197",0,0,0
"Q9ULG1",1,1,1
"Q9GZN1",0,0,0
"A0PK00",0,0,1
"O43166",1,1,1
"Q9H871",1,0,0
"Q9NTW7",0,1,0
"Q8IXL7",1,0,1
"P30038",0,1,1
"Q9P2T1",0,1,1
"P54826",1,1,0
"Q5T5X7",0,0,1
"Q86WC4",1,1,1
"Q9BTT6",0,1,0
"Q8TCA0",0,0,0
"O00189",1,0,1
"P0DI83",0,1,0
"A6NJ78",1,0,0
"Q9NXF7",0,1,1
"Q9Y6M7",0,0,1
"Q8NI22",0,1,0
"Q9BUM1",1,1,1
"Q92504",1,1,1
"Q9NSC5",1,1,1
"P03905",1,0,1
"P02748",1,1,1
"Q504Q3",1,1,0
"O95139",0,1,1
"P14406",1,1,1
"Q9NRP0",1,1,1
"O75928",1,1,1
"O75925",1,1,1
"Q9UJ98",0,0,0
"Q8IX04",0,1,0
"Q9NVF7",0,0,0
"O15525",0,1,0
"Q96F63",0,1,1
"Q6NUQ1",1,1,0
"Q86UA1",1,1,1
"Q96B01",0,0,0
"Q8N5I2",0,1,1
"Q7Z5G4",1,1,1
"Q96RU2",0,0,0
"O94967",1,0,0
"Q7Z392",0,0,1
"Q8TE02",0,0,1
"Q9Y6K0",1,1,1
"Q8TB36",1,1,1
"O75449",0,1,1
"Q15532",1,1,1
"Q9BUE0",1,1,1
"Q9Y4B5",1,0,0
"Q9NXE8",1,1,1
"O14957",1,1,1
"Q8NCN4",0,1,1
"Q9NP80",0,0,0
"Q9UHR5",1,1,1
"Q9NW75",1,0,0
"Q13503",1,1,1
"P02656",1,1,1
"Q0P6H9",0,0,1
"O15550",0,1,0
"P27449",1,1,1
"O75352",1,1,1
"O75506",0,0,0
"O14521",1,1,1
"Q12948",1,0,1
"Q9NVR5",0,0,0
"Q9BV79",1,1,1
"Q9Y5N5",0,1,1
"O60658",0,1,1
"Q9Y3I1",1,1,0
"Q9GZP8",1,1,0
"Q9NYZ3",1,0,1
"P19075",1,1,1
"Q9UHV7",0,0,0
"Q8NB37",0,0,0
"Q5ST30",1,1,1
"Q9BYX2",1,1,1
"Q9BSB4",1,0,0
"Q5NDL2",1,1,1
"P63272",1,1,1
"Q8IV50",1,1,1
"Q9H3U5",1,1,0
"P78382",1,1,1
"O75191",1,0,0
"Q5R372",0,1,0
"Q9NRR3",1,0,1
"C9JRZ8",1,1,1
"O43677",1,1,1
"Q9P1Y5",0,0,0
"P03928",1,1,1
"Q8IUH3",1,0,0
"Q9NYM9",0,1,0
"Q9BQC6",1,0,1
"Q99442",1,1,1
"Q9H1C7",1,1,1
"Q15170",0,0,0
"P08697",1,1,1
"Q9NU23",1,1,1
"Q9BQ70",0,1,1
"O95674",1,1,1
"Q969H6",1,1,1
"O00584",1,1,1
"Q6P1R4",0,0,1
"Q7LGC8",0,0,0
"Q13415",0,1,0
"Q96FN4",1,0,0
"Q15800",1,1,1
"Q9BWH2",1,1,1
"Q8WXW3",0,0,0
"Q9H4H8",0,0,0
"Q8NFX7",1,0,0
"Q96BI3",1,1,1
"Q9H9A7",0,1,0
"Q5T9L3",0,0,0
"Q9H6U8",1,1,1
"Q9Y4F5",0,0,0
"Q49AR2",0,0,0
"Q5VT25",0,0,1
"Q7Z4R8",0,1,1
"Q96EH3",0,0,0
"Q86Y07",0,0,0
"Q9BRJ7",1,1,1
"Q9BZL1",1,1,0
"Q6ZYL4",0,1,1
"Q9HD42",1,1,1
"Q9NRP2",1,1,1
"P62861",1,1,1
"P05204",1,1,1
"Q9NXN4",1,0,0
"P61073",1,1,1
"Q96FX2",0,1,1
"Q9BYV8",1,1,1
"Q9H3H5",1,1,1
"Q8IYW5",0,1,0
"Q9BQQ3",1,1,1
"Q9UQN3",1,1,1
"Q5TC82",0,0,0
"Q9UPY5",1,0,0
"Q9BPX7",0,0,0
"Q9UJY5",1,1,1
"Q96CQ1",0,0,1
"Q9NXG6",0,0,0
"Q9P1U0",1,1,1
"Q96PV6",0,0,0
"O14763",0,0,0
"Q96NY9",1,1,1
"Q92609",0,0,0
"Q96HR3",1,0,1
"P56277",1,1,1
"Q15032",0,0,0
"Q16864",1,1,0
"Q969M7",1,1,1
"Q8NI35",0,1,1
"P33947",1,1,1
"P24390",1,1,1
"O94766",1,1,1
"Q9Y2Z2",1,0,0
"Q9H9F9",0,1,1
"O95273",0,1,1
"P54198",0,0,1
"Q7Z3B3",0,0,0
"Q9BVT8",1,0,1
"Q9NXX6",1,1,1
"P78537",1,1,1
"P43003",1,0,1
"P02675",1,1,1
"O95214",0,1,0
"Q96L46",1,0,0
"P59780",1,1,1
"Q969E2",1,1,1
"Q9BSR8",1,1,1
"Q9HA65",0,1,0
"Q96T21",0,0,0
"P53803",0,0,0
"Q9H3R5",0,0,0
"O14569",1,1,1
"Q9ULV3",0,0,0
"O14578",0,0,1
"Q6IQ21",1,1,0
"Q5H9U9",0,0,1
"Q8IY21",0,0,1
"Q92478",1,1,1
"A2RU67",1,0,0
"Q6PJI9",0,0,0
"Q07617",0,0,0
"P41134",1,1,1
"P00488",1,1,1
"Q9Y241",1,0,0
"Q9Y692",1,0,1
"Q9BUE6",1,1,1
"Q9NVC6",0,1,1
"P54132",1,0,0
"Q9Y343",0,0,0
"Q9BVK8",1,1,0
"Q8NHG8",0,0,0
"Q7Z6V5",1,0,0
"Q14542",1,1,1
"Q4LE39",0,0,0
"Q5T6J7",1,1,1
"Q9Y6R0",0,0,1
"P25208",1,1,1
"O15061",0,0,0
"P49754",1,0,1
"Q96Q45",1,1,0
"Q15041",1,1,0
"Q14814",1,1,0
"Q06413",1,1,0
"Q02078",1,1,0
"Q8N9Q2",0,0,1
"Q9H6X2",1,1,1
"Q96A57",0,0,0
"P62341",0,1,0
"A0A0B4J2F0",1,1,1
"Q6P4F2",1,0,1
"Q71SY5",1,1,1
"Q14191",0,1,0
"Q8TBK6",1,1,1
"Q3KQZ1",1,0,1
"Q7Z7F0",1,0,0
"Q9BTM9",1,1,0
"Q99735",0,1,1
"Q8N8Q9",1,1,1
"Q9NWA0",1,1,1
"Q8IY95",1,1,1
"P04278",1,0,1
"Q8N6M3",1,1,1
"Q96IW7",0,0,0
"O00311",0,0,0
"Q7L3B6",1,1,1
"Q969K3",1,0,1
"Q8NBA8",1,0,1
"Q8WV41",1,0,0
"Q6NS38",0,0,0
"Q96JI7",0,0,0
"Q7Z6M4",0,1,0
"Q9UKY1",0,0,1
"Q9BX69",0,0,0
"Q9H8W4",0,0,0
"O76095",1,1,1
"Q9BT73",1,1,0
"O94919",0,1,0
"Q5HYK7",0,0,1
"Q5BKT4",0,0,0
"Q5I7T1",0,0,0
"Q96GD4",0,0,1
"P00751",1,1,1
"Q9NZ52",0,1,0
"Q8TAP9",0,0,0
"Q9BRF8",0,1,1
"O00220",0,0,0
"Q6DCA0",0,0,1
"Q9Y4X0",0,0,1
"Q9NSY1",0,0,0
"Q9BUG6",0,0,0
"Q9H147",1,1,0
"O75586",1,0,1
"P0C7P0",0,1,1
"Q96LW7",0,1,1
"Q9NPF0",1,1,1
"Q92759",1,1,1
"Q9ULT0",0,0,0
"Q9UNZ5",1,0,0
"Q9H0E9",0,0,0
"L0R8F8",0,0,0
"O00559",1,1,1
"Q96K58",1,1,1
"O95415",1,1,1
"Q9H063",1,0,0
"Q9BXJ8",1,1,1
"Q96CP7",0,1,0
"Q08426",0,0,0
"Q9NRN7",1,0,0
"Q15493",1,1,1
"P49759",1,0,0
"O00141",0,0,0
"P20936",0,1,0
"P46019",0,0,0
"Q9H869",0,0,0
"P12532",0,0,1
"P17540",0,0,1
"P51511",0,1,1
"Q9P215",1,0,0
"Q9BUA3",0,0,0
"Q6IN84",1,1,1
"Q92908",0,0,0
"Q9H2K0",0,0,1
"P10109",1,0,0
"Q96BI1",0,1,1
"O95749",1,1,0
"Q9NP73",0,0,0
"Q9H019",0,0,1
"Q8N2U0",0,1,1
"Q96EX1",1,1,1
"Q9UDY8",0,0,1
"Q9H792",0,0,0
"P49116",0,0,1
"O43826",1,1,1
"Q9GZP9",1,1,0
"Q9GZM5",0,1,0
"O43505",1,0,0
"O60930",0,0,0
"Q5HYI7",1,1,1
"Q96B70",1,0,0
"Q96N11",0,1,1
"P30536",1,1,1
"O76015",1,0,1
"O76014",1,0,1
"Q6ZSJ8",1,1,1
"Q9NX38",0,0,0
"O96007",1,1,1
"P10636",0,1,1
"O14556",0,1,0
"O00423",0,1,0
"Q9P107",0,0,0
"P49810",0,0,0
"P62699",0,1,1
"O75528",0,1,1
"Q9HBM6",0,1,0
"Q16594",0,1,0
"P04180",1,1,0
"P32754",0,0,1
"Q8WVQ1",1,1,0
"Q7KYR7",1,0,1
"Q8WVV5",1,0,1
"Q9C0B7",0,0,1
"Q8TBQ9",1,0,0
"O75030",0,0,1
"P19532",0,0,1
"O14948",0,0,1
"P19484",0,0,1
"Q5VUM1",0,0,1
"Q5SW96",1,1,1
"Q96BY9",0,0,0
"Q9C0D9",1,1,1
"Q8N5I4",0,0,1
"Q9H920",1,0,1
"Q7Z3B1",1,0,1
"Q8IXW5",0,0,1
"A1A4S6",0,0,0
"Q9Y240",0,1,0
"Q6NTF9",0,0,0
"Q9Y3T6",1,1,0
"O75529",1,0,1
"Q99638",1,1,1
"Q99685",1,0,0
"P01031",1,0,1
"Q9NVA1",1,0,0
"P00846",1,1,1
"Q9BXW6",1,1,0
"Q96JC9",1,1,0
"Q9BXS9",0,0,0
"Q9Y303",1,1,0
"P51397",1,1,1
"Q9BT40",0,0,0
"Q7Z4G1",1,1,1
"P10176",1,1,1
"O43463",0,0,0
"P55058",1,1,1
"Q9NYJ8",0,0,1
"Q8TCG1",1,1,0
"P19827",0,1,1
"Q13129",0,1,0
"Q9Y3D5",1,1,1
"Q86V85",0,0,1
"Q9BRX9",0,0,0
"Q16656",0,0,0
"O60831",1,0,1
"Q86U70",1,0,0
"O14519",1,0,0
"O75956",1,0,0
"P58004",1,0,0
"Q96G01",0,1,0
"Q96DF8",0,0,0
"Q9BUV8",0,0,0
"O95562",1,1,0
"O60669",1,0,0
"O15085",0,0,0
"Q5VSY0",0,0,0
"Q9NWT6",1,0,0
"Q92844",0,0,0
"Q16854",0,1,0
"O43353",0,0,0
"Q8IWB9",0,0,0
"Q59GN2",1,1,1
"P62891",1,1,1
"P36941",0,0,0
"Q96IZ6",0,0,1
"O95081",0,0,1
"Q8N9A8",1,1,0
"Q96NY7",0,0,0
"Q9NZA1",0,0,0
"L0R819",0,0,0
"Q9H633",1,1,0
"Q9Y3Q8",0,1,0
"Q01804",0,0,1
"P20226",1,1,1
"Q96FS4",1,0,0
"Q5XPI4",1,1,0
"Q13686",0,0,0
"Q8N302",0,0,0
"P07738",0,0,0
"P56381",1,1,1
"Q5VTU8",1,1,1
"P61587",0,0,1
"Q9UL33",1,0,0
"P0CL80",1,1,1
"P15509",0,1,0
"Q9NRL3",0,0,0
"Q8NBF6",1,0,0
"O75575",1,1,1
"Q9UBF8",0,1,1
"Q9NY26",1,1,0
"Q8IZW8",0,0,0
"Q08722",1,1,1
"Q9BZ67",0,0,0
"Q969L2",0,0,0
"Q5TA50",0,0,0
"A8MXV4",0,0,0
"Q6ZNW5",1,0,0
"Q9HBL7",1,1,1
"O60906",0,0,0
"P15954",1,1,1
"Q9P2W1",1,0,0
"P02686",0,0,0
"Q8IWL3",0,1,1
"P22466",1,1,0
"Q32NB8",1,0,0
"Q9Y5V0",1,1,1
"Q8N556",0,0,0
"O43293",1,1,0
"P54259",0,0,0
"Q9H6T0",1,1,1
"Q9H3H1",0,0,0
"Q9P0S2",0,0,1
"Q8TBP6",0,0,0
"Q6UXD5",1,1,1
"Q14686",0,0,0
"P03891",1,1,1
"Q8NEM7",0,0,0
"Q9ULJ8",0,0,0
"Q96RT7",0,0,0
"Q969J3",1,0,1
"Q969T7",0,0,0
"O43716",0,0,1
"Q08AG7",1,0,0
"O95479",1,0,1
"O95445",1,1,1
"Q8WUU5",0,0,0
"Q9C0E8",1,0,0
"Q9H300",1,0,0
"Q9NX04",1,1,1
"Q9NUD5",1,1,0
"O95625",0,0,0
"Q12770",0,0,0
"Q6UUV9",0,0,1
"Q0VDG4",0,0,0
"A1L188",0,0,1
"Q07889",0,0,0
"Q5EG05",0,1,0
"Q86X53",0,0,0
"Q6PD74",0,0,0
"Q6UX53",1,0,1
"Q8TBY0",1,1,1
"Q9NNX1",0,0,0
"Q96KC8",0,0,1
"Q9ULL5",0,0,0
"Q9H329",0,0,0
"O95229",0,1,0
"P32298",0,0,0
"Q9H7H0",0,1,0
"Q8N5F7",0,1,0
"Q5M9Q1",0,1,0
"P61968",0,0,0
"Q15398",0,0,0
"Q96SZ6",0,0,0
"P02144",0,0,0
"P35227",0,0,0
"Q8NFA0",0,0,0
"Q9Y259",0,0,0
"Q96EC8",1,0,1
"Q8WTS1",0,0,0
"Q9BQS8",0,0,0
"Q8WV60",0,1,0
"O15554",0,0,1
"Q53GA4",0,0,0
"P13726",0,1,0
"Q8WV22",0,0,1
"Q9NVK5",0,0,0
"Q9UKL3",0,1,0
"Q9H1E5",1,0,1
"Q92954",0,0,1
"Q96E09",0,0,0
"Q9UHK6",1,0,1
"Q9BS18",0,0,0
"Q96L58",1,0,0
"Q8WVC6",1,0,1
"P33552",0,1,1
"Q9C035",1,0,0
"Q8N5G2",0,0,0
"Q96BP2",1,1,1
"Q8N5G0",1,1,1
"Q9NW68",1,1,1
"Q15773",0,0,0
"Q96ES7",1,1,1
"Q9HCE7",0,1,0
"Q92968",1,0,0
"Q8TDM6",0,0,0
"Q96EK4",0,0,0
"Q8N9N2",1,1,1
"Q6ZMI0",0,0,1
"Q9Y4F3",0,0,0
"Q9UBG0",0,0,0
"Q99766",0,1,1
"Q9NRR4",0,0,0
"Q6Y1H2",0,0,0
"Q8TAD4",0,0,0
"Q8NAF0",0,1,0
"Q9H160",0,0,1
"O43157",0,0,1
"Q8N490",1,1,1
"Q9NWT8",0,1,1
"Q9H6S1",0,0,1
"Q8IUX1",0,0,0
"Q15695",0,0,1
"Q9UGP5",0,1,0
"Q8IUH4",0,1,0
"P17707",1,0,0
"Q7L3T8",0,0,0
"Q9UQ13",0,0,1
"O43427",0,1,0
"Q9Y587",1,1,1
"Q02083",1,0,1
"Q9H582",0,1,0
"O14772",1,1,1
"Q0VGL1",1,1,1
"Q53H47",1,0,0
"Q6ZN18",0,0,0
"Q15326",0,0,0
"Q9NV56",0,1,0
"Q9GZQ8",1,1,1
"A6NCE7",1,1,1
"Q6PHR2",0,1,0
"Q9H446",1,0,1
"Q765P7",0,0,0
"Q13227",0,0,1
"Q7Z3J2",0,1,0
"P05155",0,1,1
"Q9Y256",0,0,0
"Q8TB92",1,1,1
"Q5TKA1",1,0,0
"Q5SVZ6",0,1,0
"O14867",0,0,0
"O75144",0,0,0
"Q5H8A4",1,0,0
"Q8IWI9",1,0,0
"Q9NP61",0,0,0
"P61165",1,1,1
"Q8WYH8",1,0,1
"Q9UNL4",1,0,1
"A5D8V6",1,1,0
"Q63HQ0",0,0,0
"P01137",0,0,0
"O75419",0,0,1
"Q6IPR3",1,1,0
"Q3KR37",0,0,0
"Q96LI5",1,1,1
"Q9ULM6",1,1,1
"Q7L1V2",0,0,0
"P55017",0,0,1
"Q9BV81",1,0,1
"Q9BRV8",0,0,0
"Q13829",0,0,0
"Q5W0B1",0,0,0
"Q8N6T7",0,0,0
"Q92551",1,0,0
"Q69YU5",0,0,0
"O94915",0,0,0
"Q9HD34",1,0,0
"Q8N8R5",0,0,0
"Q96C00",0,0,0
"O96017",0,1,1
"O94964",0,0,1
"Q96DR7",1,1,0
"Q9UK53",0,0,0
"Q96DX7",1,0,0
"Q9H8M2",1,1,1
"Q86U28",0,0,0
"Q96FN5",0,1,1
"O14524",0,0,0
"Q9BTX3",0,0,0
"O75167",0,0,0
"Q9UK23",0,0,0
"Q9H204",0,1,1
"Q5D1E8",0,0,1
"A7E2V4",0,0,0
"Q9UPU7",1,0,0
"Q96IP4",1,0,0
"Q8N1F8",0,0,0
"Q13277",1,0,0
"Q9Y5F6",0,0,1
"O15439",0,0,1
"Q9BVX2",0,1,0
"Q9UGY1",0,0,0
"Q8N2M8",1,0,1
"O43567",0,1,0
"P49281",0,1,0
"Q8WXE1",1,0,0
"Q9BWQ6",0,0,0
"Q14207",0,0,1
"Q8IZ07",0,0,0
"P57764",0,1,0
"Q9UJY4",0,0,0
"Q8N5B7",1,0,0
"P21926",0,0,0
"Q9BSK0",0,0,0
"Q5T5C0",0,0,0
"Q8N9B5",0,0,0
"P35858",1,1,1
"Q8NHG7",1,1,1
"Q9BRB3",0,1,0
"Q9Y5Z9",1,1,1
"Q9UM13",1,1,1
"Q9NR77",0,0,0
"Q8NDV7",0,0,0
"P35240",0,0,0
"Q9P2N6",0,0,0
"Q9Y5G6",1,0,0
"O43933",1,0,0
"P48740",0,1,0
"O00762",0,1,0
"Q53SF7",1,0,0
"Q92845",0,0,0
"Q8IWD4",1,0,1
"Q9BZQ6",0,0,0
"Q9NQY0",0,0,0
"Q96MW5",0,0,0
"Q00013",0,0,0
"Q9GZT6",1,0,0
"Q9H857",0,1,1
"Q460N5",0,0,0
"Q8IUC4",0,0,0
"Q7Z6B0",1,0,0
"Q9NPR9",0,1,0
"Q5VUA4",0,0,0
"Q9UBH6",0,0,0
"Q9H4B0",1,0,0
"O75063",0,0,0
"Q6PML9",0,0,0
"P05412",1,0,0
"Q8N3R9",0,0,0
"Q8WVX3",0,1,0
"P20849",0,0,0
"P04156",1,0,0
"Q9BYI3",1,0,1
"Q9H0U9",0,1,1
"Q4KMQ1",1,0,0
"Q96E14",1,0,1
"Q8TDB6",0,0,1
"Q9BQI0",0,0,0
"Q9H008",0,0,1
"Q92558",0,0,0
"Q9UBW7",0,0,1
"P42694",0,0,0
"Q9P2Y5",0,0,0
"Q96JK2",0,0,0
"P52657",0,0,0
"O94762",1,1,1
"P98172",0,0,0
"O76075",0,0,0
"P42568",0,0,1
"Q13535",0,0,1
"P49336",0,0,1
"Q9BWU1",0,0,1
"Q12947",0,0,0
"Q16514",1,0,1
"P49917",0,1,0
"Q9BYG5",0,0,0
"Q8WUA7",0,0,0
"Q4G0P3",0,1,1
"Q8N5C6",0,0,0
"Q86XK3",0,0,1
"Q6UVJ0",0,0,0
"Q6P2P2",0,0,1
"Q96CW6",0,1,0
"O75190",1,0,1
"Q96B45",0,0,0
"Q969J2",1,0,1
"Q9NZY2",1,1,1
"Q14031",1,0,0
"Q38SD2",0,1,1
"Q9P0V3",0,0,0
"Q8IUR0",1,1,0
"O95568",0,0,0
"Q96D31",0,0,0
"P33981",1,0,0
"O14841",0,0,1
"Q8NB15",1,0,0
"P23219",0,0,0
"Q9NQS1",0,0,1
"O15156",0,0,0
"Q9BUL5",0,0,1
"Q01955",0,0,0
"P02760",1,0,0
"O14544",0,0,0
"P16591",0,0,0
"Q9UPZ3",0,0,0
"Q6NT76",1,0,0
"Q9NQC7",0,0,0
"Q9H5H4",1,0,0
"O75943",0,0,0
"Q8N567",0,0,0
"P26572",0,0,1
"O75843",0,0,0
"Q8N612",1,0,0
"A0JNW5",0,0,0
"Q8N7C3",0,0,0
"Q9C0D3",0,0,0
"Q53HL2",1,0,0
"P18847",0,0,0
"Q8NHM5",0,0,0
"Q8N4X5",1,0,0
"Q9NWB6",1,1,1
"Q92564",1,1,0
"Q6DHV7",0,1,0
"Q9H5V8",1,1,0
"Q8NE62",0,0,0
"P38571",1,1,1
"Q5JTW2",1,0,0
"P98170",1,0,0
"Q9P2B7",0,0,0
"Q92560",0,0,0
"P02792",0,1,1
"Q8N2R8",0,1,0
"Q07817",1,1,0
"Q7Z6K3",0,0,0
"Q9Y5Q0",0,1,0
"Q99081",0,1,0
"Q9NPG4",0,1,0
"P28358",0,0,0
"Q8N3F8",0,0,0
"Q15853",0,1,0
"Q9Y2S6",1,0,1
"Q14D33",0,0,1
"Q5VV42",0,0,1
"Q8NC42",0,0,0
"P15036",0,0,0
"P26022",0,0,0
"Q16527",0,0,0
"O00622",0,0,0
"P22352",0,0,1
"Q9BXI9",1,0,0
"Q8NFT6",1,1,0
"Q92574",1,0,0
"P07902",0,0,0
"P07357",0,1,0
"Q86VX2",0,0,1
"A4UGR9",0,1,0
"Q6ZSR9",0,0,1
"O14933",0,0,0
"Q15904",1,1,0
"P01215",0,1,0
"Q5VVQ6",0,0,1
"Q86UT8",0,1,1
"Q9UIM3",1,0,0
"P32519",0,0,0
"Q96II8",0,0,0
"Q9UMN6",0,0,0
"P48553",0,0,0
"Q8TDW0",0,0,0
"Q9H8K7",0,0,0
"Q9BVN2",1,0,0
"Q5T1H1",0,1,0
"Q8NBM8",0,0,0
"Q9BYB4",0,0,0
"Q8N0W3",0,0,0
"Q92626",0,0,0
"P02749",0,1,1
"Q9Y2T5",1,1,1
"O95822",0,0,0
"Q96JN8",1,0,1
"Q5T011",1,0,0
"Q8N5C7",1,0,0
"Q13952",0,0,0
"O00479",1,0,0
"Q9HD23",0,0,0
"P15848",1,0,0
"P01034",0,0,0
"P08048",1,0,0
"P17010",1,0,0
"Q08117",1,0,0
"A0A096LP49",1,1,1
"Q9NZJ0",0,1,1
"Q03060",1,0,0
"P10523",0,0,1
"P51798",0,0,0
"Q6NXT4",0,0,0
"Q7L190",0,0,0
"P52849",0,0,0
"Q8TD55",1,1,0
"Q14168",1,1,1
"Q96ED9",0,0,0
"Q93015",0,0,0
"Q96T49",1,0,0
"Q8N159",1,0,0
"Q92686",0,1,1
"Q9P246",0,1,1
"Q9BRR8",0,0,0
"Q5VST6",0,1,0
"Q96SR6",0,0,0
"Q9NXV2",1,0,0
"Q96A19",1,1,1
"A8MVX0",0,0,1
"Q2KHT3",0,0,1
"O75182",0,0,1
"Q8N5Y2",1,1,0
"O96006",0,0,0
"O95980",0,0,1
"Q6P0N0",0,0,0
"Q5TGY3",0,0,0
"Q9Y4E5",1,0,0
"Q15545",0,1,0
"Q5TC84",0,0,0
"Q9Y2L9",0,1,0
"P0C1H6",0,0,0
"Q7Z5M5",0,0,0
"Q8IZR5",0,0,0
"Q8NE31",0,1,1
"O15078",0,1,0
"Q9ULP9",0,0,0
"Q8IVF6",0,0,0
"Q9Y289",1,0,0
"O43294",0,0,0
"Q9BVR0",1,0,0
"Q5VUJ6",0,0,0
"P51826",0,0,0
"Q06828",0,0,0
"P01824",0,0,1
"Q8TER5",1,1,1
"P26012",0,0,0
"Q9NWM3",0,0,0
"Q15036",0,0,0
"Q9BZJ6",1,0,0
"Q15035",0,0,0
"Q5T447",0,1,0
"Q6ZSZ5",0,1,0
"O43739",0,0,1
"Q15438",0,0,1
"Q99418",0,0,1
"O43167",0,0,1
"O95932",0,0,1
"Q99807",1,0,0
"Q4ZIN3",1,0,0
"O14686",0,0,0
"Q96AD5",0,0,0
"Q13608",0,0,0
"Q86WP2",1,0,0
"Q9UK97",0,0,0
"P42261",0,0,0
"Q6ZUT1",1,0,0
"Q8IZU9",1,0,1
"P49716",1,0,0
"P06727",0,0,1
"P78559",0,0,0
"Q9NUJ3",1,1,0
"Q8N9F7",1,0,0
"Q96EA4",0,0,0
"Q5SY80",0,0,0
"Q86VQ0",0,0,1
"Q9Y6V0",1,0,0
"Q9NQX4",0,0,0
"Q8NGA1",0,1,0
"Q01201",1,0,0
"Q14186",0,0,1
"A2VDJ0",0,0,0
"Q5TGY1",1,0,0
"P15085",0,0,1
"Q9Y6C2",0,0,1
"Q96MU6",0,0,1
"Q9UJ55",0,0,0
"Q9UHJ6",0,0,0
"Q16270",0,0,0
"Q15390",0,0,0
"Q9P2E3",0,0,0
"B2RTY4",0,1,0
"Q12901",1,0,0
"P23141",0,0,0
"Q5T7W0",0,1,0
"Q9HBM0",0,0,0
"P02452",1,0,0
"Q9BZF3",0,0,0
"P01042",1,0,0
"Q9Y4X4",0,0,0
"Q5TBA9",0,0,0
"P53804",0,0,0
"Q5JTD0",0,0,0
"O15033",0,0,1
"Q9ULD4",0,0,0
"Q5THK1",1,0,0
"Q9NVV0",0,1,0
"P08254",0,0,1
"P29034",0,0,1
"Q9HBG6",0,0,1
"Q8TEP8",0,0,0
"Q96SL1",1,0,0
"P17302",0,1,0
"Q96RW7",0,0,0
"Q8IZD9",0,0,1
"Q13470",1,0,0
"Q9Y426",0,0,1
"Q9BZW7",1,0,0
"Q9HAW4",0,1,0
"Q96S15",1,0,0
"Q9UHN6",0,0,0
"Q8TF76",0,0,0
"P56715",1,0,0
"Q9NR82",0,1,0
"Q8N7Z5",0,0,0
"P49746",0,0,1
"Q9UPR6",0,0,0
"Q15431",0,0,0
"O14746",0,0,0
"O15195",0,0,0
"Q9P2D7",0,0,0
"P05538",0,1,1
"Q9HCI5",1,0,1
"Q9NWS8",0,0,1
"Q8N3T6",0,0,0
"Q14C87",0,0,0
"Q502W6",1,0,1
"Q8IV32",1,0,0
"P0C7X3",1,0,1
"Q15058",0,0,0
"Q8IWB6",0,0,0
"Q99983",0,0,0
"Q8IY26",0,0,1
"Q96QZ7",0,0,1
"Q5VV67",0,0,1
"Q86YH6",0,1,0
"Q13009",1,0,0
"Q15743",0,1,0
"Q14995",0,0,0
"Q9NXR1",0,0,1
"Q6UXB4",1,1,0
"O95067",0,0,0
"P22083",0,0,0
"Q17R60",1,0,0
"Q14940",0,1,0
"Q6ZW31",1,0,1
"Q9BSJ5",0,0,0
"Q86W34",0,0,1
"Q6W2J9",0,1,0
"Q6T4P5",0,0,1
"Q902F9",0,0,1
"P63135",0,0,1
"Q902F8",0,0,1
"O71037",0,0,1
"P61565",0,0,1
"P61570",0,0,1
"Q9UKH3",0,0,1
"Q69384",0,0,1
"P61567",0,0,1
"P41229",0,0,0
"Q9BY66",0,0,0
"Q9ULE0",0,0,1
"Q14DG7",0,0,0
"Q16099",0,1,0
"Q16478",0,1,0
"Q9NV92",0,0,0
"Q9UHB4",0,1,0
"Q8IUG5",0,0,1
"Q5TH69",0,0,0
"Q8WXI2",1,0,0
"Q9NSA0",0,0,1
"O14817",1,0,0
"Q5FWF4",0,0,0
"Q2Y0W8",0,0,1
"O75382",0,0,1
"Q9H2B4",0,0,1
"Q9Y485",0,0,1
"Q92993",0,0,0
"Q5M9N0",0,1,0
"Q9NQ84",0,0,0
"O94817",0,0,0
"Q9C0A1",0,1,0
"Q8NFI3",0,0,0
"Q9UPQ7",0,1,0
"Q9P2N4",0,1,0
"Q8NCK3",0,0,1
"Q7RTP6",0,1,0
"Q9P0L1",0,1,0
"P0CB48",0,1,0
"Q9BXX3",0,0,1
"Q92581",1,0,0
"Q6MZP7",0,1,0
"Q9GZU2",1,0,0
"Q8TC20",0,1,0
"P25686",0,1,0
"Q08345",0,0,1
"Q86UC2",0,0,1
"Q495M9",0,0,1
"Q2TBE0",0,0,1
"O75747",1,0,0
"Q7Z4T8",0,1,0
